0,88,21,0,279,23,0,44,0,0,60,40,6,264,15,0,28,0,0,43,4,0,225,1,0,0,0,0,28,17,0,3,2,0,1,7,16,0,18,0,0,26,0,0,0,22,7,8,0,0,2,0,0,0,0,10,3,0,0,3,0,0,0,2,0,2,0,0,0,0,0,0,5,0,0,0,0,0,0,0,0,Ain
10,60,13,92,430,70,12,47,0,0,55,12,11,453,74,0,28,0,0,49,1,0,314,0,0,0,0,0,46,44,0,8,14,0,0,0,22,0,10,0,9,36,0,0,0,49,8,25,0,0,0,0,0,0,0,10,15,0,0,0,0,0,0,2,0,1,0,0,0,0,0,0,6,0,1,0,0,0,0,0,0,Ain
15,80,8,165,750,76,20,82,6,0,52,1,23,444,113,0,23,1,0,80,4,0,468,0,0,0,0,0,27,85,1,14,11,0,8,5,14,0,14,0,9,58,0,0,0,94,0,53,0,1,0,0,0,0,0,6,25,0,0,5,0,0,0,1,0,2,0,0,0,0,0,0,8,0,0,0,0,0,0,0,0,Ain
0,0,0,0,360,37,0,50,0,0,0,0,18,219,30,0,13,0,0,0,0,0,246,0,0,2,0,0,40,21,0,0,15,0,0,0,16,11,13,0,0,33,0,0,0,25,0,0,0,0,0,0,0,0,0,10,6,0,0,0,0,0,0,0,0,0,0,0,0,0,0,0,0,0,0,0,0,0,0,0,0,Ain
0,0,0,98,378,54,14,61,0,0,0,0,27,447,17,0,41,0,0,0,0,2,335,0,0,0,0,0,48,28,0,2,21,0,0,0,26,14,17,0,0,62,0,0,0,51,0,9,0,0,0,0,0,0,0,14,11,0,0,0,0,0,0,0,0,0,0,0,0,0,0,0,0,0,0,0,0,0,0,0,0,Ain
0,0,0,177,663,76,18,72,0,0,0,0,30,486,52,0,28,0,0,0,0,6,464,0,0,0,0,0,91,28,0,0,10,0,6,7,40,14,23,0,0,61,0,0,0,68,0,3,0,0,0,0,0,0,0,18,7,0,0,4,0,0,0,0,0,0,0,0,0,0,0,0,0,0,0,0,0,0,0,0,0,Ain
0,0,0,190,105,0,25,15,0,0,0,0,2,3,127,0,0,11,0,0,0,0,370,0,0,1,0,0,87,29,0,0,3,0,0,3,24,0,13,0,0,17,0,0,0,10,0,13,0,0,0,0,0,0,0,20,14,0,0,7,0,0,0,0,0,2,0,0,0,0,0,0,0,0,2,0,0,0,0,0,0,Ain
0,7,21,0,82,82,0,12,14,0,1,3,6,203,100,0,4,2,0,0,0,0,382,8,0,0,1,0,122,10,0,0,22,0,0,0,39,20,18,0,0,39,0,0,0,16,0,23,0,0,2,0,0,0,0,30,2,0,0,0,0,0,0,0,5,3,0,0,0,0,0,0,0,0,3,0,0,0,0,0,0,Ain
0,0,0,216,49,88,24,6,18,0,0,0,2,204,180,0,4,3,0,0,0,2,598,10,0,0,0,0,176,46,0,0,10,0,0,6,51,0,40,0,0,50,0,0,0,17,0,14,0,0,3,0,0,0,0,36,16,0,0,4,0,0,0,0,0,7,0,0,0,0,0,0,0,0,0,0,0,0,0,0,0,Ain
0,0,0,205,105,41,20,12,3,0,0,0,12,78,75,0,1,0,0,0,0,6,312,0,0,0,0,0,69,34,0,0,2,0,0,5,21,0,22,0,0,26,0,0,0,12,0,3,0,0,0,0,0,0,0,12,5,0,0,4,0,0,0,0,0,0,0,0,0,0,0,0,0,0,0,0,0,0,0,0,0,Ain
0,0,0,300,215,62,24,20,1,0,0,0,24,156,96,0,2,0,0,0,0,7,375,0,0,0,0,0,99,47,0,0,12,0,0,0,37,9,10,0,0,26,0,0,0,22,0,0,0,0,0,0,0,0,0,16,9,0,0,0,0,0,0,0,2,0,0,0,0,0,0,0,0,0,0,0,0,0,0,0,0,Ain
0,0,0,0,282,88,0,45,10,0,0,0,35,219,104,0,4,1,0,0,0,10,514,6,0,0,0,0,132,55,0,0,12,0,2,0,49,0,24,0,0,55,0,4,0,28,0,0,0,0,1,0,0,0,0,35,11,0,0,0,0,0,0,4,0,2,0,0,0,0,0,0,0,0,0,0,3,0,0,0,0,Ain
0,0,0,138,0,57,12,0,12,0,0,0,0,116,115,0,3,0,0,0,0,4,494,18,0,0,0,0,199,104,0,0,0,0,0,3,51,0,31,0,0,25,0,0,0,0,0,0,0,18,2,0,0,0,0,32,17,0,0,8,0,0,0,0,0,2,0,0,0,0,0,0,0,0,0,0,0,0,0,0,0,Ain
0,0,0,174,0,89,9,0,16,0,0,0,0,252,155,0,0,0,0,0,0,9,680,14,0,0,0,0,319,162,0,0,6,0,0,0,70,0,25,0,0,28,0,0,0,11,0,0,0,0,2,0,0,0,0,30,24,0,0,0,0,0,0,0,0,0,0,0,0,0,0,0,0,0,0,0,0,0,0,0,0,Ain
0,0,0,192,0,109,21,0,34,0,0,0,0,262,217,0,5,2,0,0,0,15,984,18,3,2,1,0,326,256,0,0,7,0,0,3,52,6,21,0,1,56,0,0,0,42,0,0,3,24,2,0,0,0,0,60,67,0,0,7,0,0,6,10,0,0,0,0,0,0,0,0,3,0,0,0,0,0,0,0,0,Ain
12,3,3,112,8,20,0,0,0,0,6,0,0,5,0,0,0,0,0,0,0,0,0,0,0,0,0,0,0,0,0,0,0,0,0,0,0,0,0,0,0,0,0,0,0,36,0,0,0,0,0,0,0,0,0,0,0,0,0,0,0,0,0,0,0,0,0,0,0,0,0,0,0,0,0,0,0,0,0,0,0,Alef
8,8,0,140,15,0,0,0,0,0,0,0,0,0,0,0,0,0,0,0,0,0,0,0,0,0,0,0,2,0,0,0,0,0,0,0,65,0,0,0,0,0,0,0,0,0,0,0,0,0,0,0,0,0,0,0,0,0,0,0,0,0,0,0,0,0,0,0,0,0,0,0,0,0,0,0,0,0,0,0,0,Alef
9,6,4,126,31,15,0,0,0,3,1,0,2,0,0,0,0,0,1,0,0,2,0,0,0,0,0,0,4,0,0,0,0,0,0,0,50,15,0,0,0,0,0,0,0,0,0,0,0,0,0,0,0,0,0,0,0,0,0,0,0,0,0,0,0,0,0,0,0,0,0,0,0,0,0,0,0,0,0,0,0,Alef
4,0,0,54,49,0,0,0,0,6,0,0,0,4,0,0,0,0,6,0,0,0,0,0,0,0,0,0,3,8,2,0,0,0,0,0,0,8,0,1,0,0,0,0,0,10,0,0,1,0,0,0,0,0,0,0,0,0,0,0,0,0,0,0,0,0,0,0,0,0,0,0,2,0,0,0,0,0,0,0,0,Alef
2,0,0,35,62,0,0,0,0,14,0,0,4,0,0,0,0,0,0,0,0,0,0,0,0,0,0,0,16,0,1,0,0,0,0,0,20,0,0,3,0,0,0,0,0,0,0,0,0,0,0,0,0,0,0,0,0,0,0,0,0,0,0,2,0,0,0,0,0,0,0,0,0,0,0,0,0,0,0,0,0,Alef
0,0,0,0,64,10,0,0,0,12,0,0,10,5,0,0,0,0,4,0,0,0,0,0,0,0,0,0,15,4,0,0,0,0,0,0,42,11,0,0,0,0,0,0,0,0,0,0,0,0,0,0,0,0,0,0,0,0,0,0,0,0,0,0,0,0,0,0,0,0,0,0,0,0,0,0,0,0,0,0,0,Alef
8,0,0,160,0,9,0,0,0,6,0,0,0,18,0,0,0,0,2,0,0,1,0,0,0,0,0,0,6,0,0,0,0,0,0,0,2,0,0,0,0,0,0,0,0,0,0,0,0,0,0,0,0,0,0,0,0,0,0,0,0,0,0,0,0,0,0,0,0,0,0,0,0,0,0,0,0,0,0,0,0,Alef
0,0,0,0,153,0,0,0,0,14,0,0,0,0,0,0,0,0,2,0,0,0,0,0,0,0,0,0,4,0,0,0,0,0,0,0,43,14,0,0,0,0,0,0,0,1,0,0,0,0,0,0,0,0,0,0,0,0,0,0,0,0,0,0,0,0,0,0,0,0,0,0,0,0,0,0,0,0,0,0,0,Alef
0,0,0,57,72,0,0,0,0,0,0,0,5,0,0,0,0,0,0,0,0,0,0,0,0,0,0,0,10,0,2,0,0,0,0,0,50,0,0,6,0,0,0,0,0,0,0,0,0,0,0,0,0,0,0,0,0,0,0,0,0,0,0,4,0,0,0,0,0,0,0,0,0,0,0,0,0,0,0,0,0,Alef
0,0,0,0,57,0,0,0,0,16,0,0,7,0,0,0,0,0,0,0,0,0,0,0,0,0,0,0,13,0,0,0,0,0,0,0,26,0,0,0,0,0,0,0,0,0,0,0,0,0,0,0,0,0,0,0,0,0,0,0,0,0,0,0,0,0,0,0,0,0,0,0,0,0,0,0,0,0,0,0,0,Alef
0,0,0,0,20,0,0,0,0,0,0,0,19,0,0,0,0,0,0,0,0,0,0,0,0,0,0,0,27,0,0,0,0,0,0,0,38,0,0,0,0,0,0,0,0,0,0,0,0,0,0,0,0,0,0,0,0,0,0,0,0,0,0,0,0,0,0,0,0,0,0,0,0,0,0,0,0,0,0,0,0,Alef
14,12,2,322,46,0,7,2,0,0,2,2,15,3,1,0,0,0,0,0,0,0,3,0,0,0,0,0,16,0,0,2,1,0,0,0,46,4,0,0,0,0,0,0,0,0,0,0,0,0,0,0,0,0,0,2,0,0,0,0,0,0,0,0,0,0,0,0,0,0,0,0,0,0,0,0,0,0,0,0,0,Alef
0,10,6,0,0,0,0,0,0,5,3,0,2,28,0,0,0,0,0,0,0,0,0,0,0,0,0,0,10,3,0,0,0,0,0,0,24,3,0,6,0,0,0,0,0,0,0,0,0,0,0,0,0,0,0,0,0,0,0,0,0,0,0,4,0,0,0,0,0,0,0,0,0,0,0,0,0,0,0,0,0,Alef
0,0,0,0,270,0,0,0,0,0,0,0,75,0,0,0,0,0,0,0,0,0,0,0,0,0,0,0,37,0,0,0,0,0,0,0,51,0,0,4,0,0,0,0,0,0,0,0,0,0,0,0,0,0,0,0,0,0,0,0,0,0,0,4,0,0,0,0,0,0,0,0,0,0,0,0,0,0,0,0,0,Alef
0,11,4,0,159,5,0,0,0,0,1,0,0,111,0,0,0,0,0,0,0,0,0,0,0,0,0,0,42,3,0,0,0,0,0,0,129,4,0,0,0,0,0,0,0,3,0,0,0,0,0,0,0,0,0,0,0,0,0,0,0,0,0,0,0,0,0,0,0,0,0,0,0,0,0,0,0,0,0,0,0,Alef
91,0,0,98,98,15,70,1,0,468,65,0,78,26,0,22,0,0,104,0,0,47,0,0,15,0,0,0,136,20,0,214,38,0,0,0,106,32,0,3,46,0,0,0,0,0,0,0,0,0,0,0,0,0,0,24,5,0,0,0,0,0,0,21,0,0,0,0,0,0,0,0,0,0,0,0,0,0,0,0,0,Be
77,32,3,84,86,6,56,2,1,320,24,2,77,17,6,8,0,0,50,20,0,35,4,0,7,0,0,0,60,4,0,175,14,0,0,0,97,10,4,1,20,14,0,0,0,0,0,0,0,0,0,0,0,0,0,19,2,0,0,0,0,0,0,5,0,0,0,0,0,0,0,0,0,0,0,0,0,0,0,0,0,Be
91,0,0,140,45,6,84,1,0,572,78,0,154,11,0,23,0,0,91,0,0,79,1,0,23,0,0,0,344,48,0,347,54,0,0,0,214,38,3,1,38,0,0,0,0,6,2,0,0,5,0,0,0,0,0,30,6,0,0,0,0,0,0,26,0,0,0,0,0,0,0,0,0,0,0,0,0,0,0,0,0,Be
0,31,10,0,0,4,0,5,4,217,40,2,125,9,0,1,6,0,70,14,0,114,2,0,8,0,0,0,150,31,0,216,49,0,0,0,187,31,10,0,49,18,0,0,0,14,1,0,0,0,0,0,0,0,0,21,2,0,0,0,0,0,0,0,0,0,0,0,0,0,0,0,0,0,0,0,0,0,0,0,0,Be
0,0,0,0,6,0,0,2,0,168,42,0,94,7,0,11,0,0,70,0,0,60,0,0,0,0,0,0,105,34,0,110,42,0,4,2,101,46,0,0,60,0,0,0,0,15,0,0,0,0,0,0,0,0,0,13,0,0,4,6,0,0,0,0,0,0,0,0,0,0,0,0,0,0,0,0,0,0,0,0,0,Be
0,0,0,0,11,0,0,5,0,369,72,0,243,6,0,13,0,0,54,9,0,77,2,0,1,0,0,0,152,41,0,392,102,0,6,2,234,21,4,0,40,13,0,0,0,21,0,0,0,0,0,0,0,0,0,31,7,0,11,2,0,0,0,0,0,0,0,0,0,0,0,0,0,0,0,0,0,0,0,0,0,Be
56,0,0,77,0,0,112,7,0,272,56,0,118,6,0,5,3,0,64,0,0,60,0,0,2,0,0,0,0,0,0,386,105,0,11,1,151,4,0,0,65,3,0,0,0,11,0,0,0,7,0,0,0,0,0,15,0,0,17,7,0,0,0,5,0,0,0,0,0,0,0,0,0,0,0,0,0,0,0,0,0,Be
56,32,5,56,0,0,98,9,1,224,31,1,93,2,0,16,0,0,28,7,0,20,3,0,3,0,0,0,0,0,0,289,50,0,12,0,93,3,0,4,35,12,0,0,0,7,0,0,0,0,0,0,0,0,0,7,0,0,13,4,0,0,0,14,0,0,0,0,0,0,0,0,1,0,0,0,0,0,0,0,0,Be
70,0,0,84,0,0,140,17,0,410,80,0,160,4,0,23,0,0,80,0,0,74,0,0,7,0,0,0,0,0,0,546,147,0,0,3,187,7,0,1,92,0,0,0,0,16,0,0,0,0,0,0,0,0,0,27,0,0,23,8,0,10,0,22,0,0,0,0,0,0,0,0,1,0,0,0,0,0,0,0,0,Be
36,0,0,76,10,0,56,12,0,270,54,0,132,12,0,0,0,0,54,18,0,52,6,0,0,0,0,0,78,27,0,269,84,0,0,0,168,5,6,0,34,26,0,0,0,13,0,0,0,0,0,0,0,0,0,29,5,0,0,0,0,0,0,4,0,0,0,0,0,0,0,0,0,0,0,0,0,0,0,0,0,Be
36,0,0,64,9,0,40,3,0,216,45,0,78,8,0,0,0,0,45,18,0,30,2,0,0,0,0,0,80,20,0,148,50,0,0,0,99,8,12,0,27,18,0,0,0,5,2,0,0,7,0,0,0,0,0,21,0,0,0,0,0,0,0,0,0,0,0,0,0,0,0,0,0,0,0,0,0,0,0,0,0,Be
55,0,0,110,15,0,90,13,0,352,110,0,145,13,0,13,0,0,88,11,0,92,5,0,8,1,0,0,108,48,0,325,163,0,0,0,233,17,11,0,67,16,0,0,0,13,0,0,0,15,0,0,0,0,0,41,10,0,0,0,0,0,0,17,0,0,0,0,0,0,0,0,0,0,0,0,0,0,0,0,0,Be
66,0,0,150,21,0,108,9,0,440,99,0,184,12,0,12,0,0,99,0,0,122,0,0,0,0,0,0,216,68,0,492,151,0,0,0,301,19,0,0,84,0,0,0,0,11,0,0,0,0,0,0,0,0,0,36,9,0,0,0,0,0,0,2,0,0,0,0,0,0,0,0,0,0,0,0,0,0,0,0,0,Be
0,0,0,0,16,0,0,6,0,288,36,0,107,7,0,9,0,0,90,18,0,83,0,0,8,0,0,0,140,32,0,291,53,0,1,4,181,25,10,4,98,26,0,0,0,6,3,0,0,0,0,0,0,0,0,25,0,0,6,4,0,0,0,20,0,0,0,0,0,0,0,0,0,0,0,0,0,0,0,0,0,Be
52,0,0,112,32,2,88,11,1,611,130,0,217,10,0,38,0,0,143,0,0,152,0,0,18,0,0,0,336,101,0,628,184,0,0,0,357,30,4,2,120,0,0,0,0,10,0,0,2,10,0,0,0,0,0,45,10,0,0,0,0,0,0,42,0,0,0,0,0,0,0,0,0,0,0,0,0,0,0,0,0,Be
0,0,0,150,26,0,0,0,0,0,0,0,11,0,29,0,0,0,0,0,0,4,0,0,0,0,0,0,123,4,0,0,0,0,0,0,0,63,0,0,0,0,0,0,0,0,40,0,0,0,0,0,0,0,0,0,0,0,0,0,0,0,0,0,0,0,0,0,0,0,0,0,0,0,0,0,0,0,0,0,0,Dal
3,9,7,84,29,26,0,0,0,0,0,5,14,0,14,0,0,0,0,0,0,7,0,0,0,0,0,0,154,7,0,0,0,0,0,0,0,85,0,0,0,0,0,0,0,0,59,0,0,0,0,0,0,0,0,0,0,0,0,0,0,0,0,0,0,0,0,0,0,0,0,0,0,0,0,0,0,0,0,0,0,Dal
0,0,0,38,19,19,0,0,0,0,0,0,10,0,0,0,0,0,0,0,0,2,0,0,0,0,0,0,30,0,0,0,0,0,0,0,0,99,0,0,0,0,0,0,0,0,0,0,0,0,0,0,0,0,0,0,0,0,0,0,0,0,0,0,0,0,0,0,0,0,0,0,0,0,0,0,0,0,0,0,0,Dal
0,0,0,110,31,19,5,3,4,0,0,0,12,0,3,0,0,0,0,0,0,6,0,0,0,0,0,0,90,3,0,0,3,0,0,0,0,68,0,0,0,0,0,0,0,0,8,0,0,0,0,0,0,0,0,6,1,0,0,0,0,0,0,0,0,0,0,0,0,0,0,0,0,0,0,0,0,0,0,0,0,Dal
0,0,0,0,70,43,0,4,4,0,0,0,0,10,4,0,0,0,0,0,0,0,0,0,0,0,0,0,133,3,0,0,3,0,0,0,0,93,0,0,0,0,0,0,0,0,8,0,0,0,0,0,0,0,0,7,1,0,0,0,0,0,0,0,0,0,0,0,0,0,0,0,0,0,0,0,0,0,0,0,0,Dal
0,0,0,0,34,27,0,0,0,0,0,0,14,0,0,0,0,0,0,0,0,6,0,0,0,0,0,0,75,0,0,0,0,0,0,0,0,42,3,0,0,0,0,0,0,0,8,0,0,0,0,0,0,0,0,0,0,0,0,0,0,0,0,0,0,0,0,0,0,0,0,0,0,0,0,0,0,0,0,0,0,Dal
0,0,0,52,69,43,10,5,0,0,0,0,6,0,0,7,0,0,0,0,0,0,0,0,0,0,0,0,144,4,0,15,0,2,0,0,0,166,0,0,29,0,2,0,0,0,0,0,3,0,0,0,0,0,0,0,0,0,0,0,0,0,0,0,0,0,0,0,0,0,0,0,0,0,0,3,0,0,0,0,0,Dal
0,0,0,0,45,55,0,3,5,0,0,0,14,0,9,0,0,0,0,0,0,0,0,0,0,0,0,0,189,3,0,18,3,0,0,0,0,181,0,0,42,0,0,0,0,0,30,0,0,6,0,0,0,0,0,7,1,0,0,0,0,0,0,0,0,0,0,0,0,0,0,0,0,0,0,0,0,0,0,0,0,Dal
0,0,0,126,39,17,24,8,8,0,0,0,4,0,0,1,0,0,0,0,0,1,0,0,0,0,0,0,90,1,6,6,6,0,0,0,0,117,0,2,15,0,0,0,0,0,0,0,1,0,0,0,0,0,0,10,2,0,0,0,0,0,0,0,0,0,0,0,0,0,0,0,0,0,0,0,0,0,0,0,0,Dal
0,0,0,0,86,1,0,20,1,0,0,0,3,0,0,0,0,0,0,0,0,0,0,0,0,0,0,0,192,8,0,52,2,0,0,0,5,36,0,3,27,0,0,0,0,0,0,0,0,0,0,0,0,0,0,10,0,0,0,0,0,0,0,3,0,0,0,0,0,0,0,0,0,0,0,0,0,0,0,0,0,Dal
0,0,0,162,54,0,42,7,0,0,0,0,12,0,4,0,0,0,0,0,0,0,0,0,0,0,0,0,216,9,0,63,3,0,0,0,4,85,0,0,46,0,0,0,0,0,0,0,0,5,0,0,0,0,0,5,0,0,0,0,0,0,0,0,0,0,0,0,0,0,0,0,0,0,0,0,0,0,0,0,0,Dal
0,0,0,100,37,3,25,1,0,0,0,0,3,0,0,0,0,0,0,0,0,0,0,0,0,0,0,0,154,6,0,44,0,0,0,0,0,11,3,0,14,0,0,0,0,0,7,0,0,5,0,0,0,0,0,0,0,0,0,0,0,0,0,0,0,0,0,0,0,0,0,0,0,0,0,0,0,0,0,0,0,Dal
0,0,0,62,50,52,14,3,4,0,0,0,24,0,25,5,0,0,0,0,0,8,0,0,0,0,0,0,147,18,0,17,0,0,0,4,14,122,0,0,87,0,0,0,0,0,27,0,0,30,0,0,0,0,0,5,0,0,2,4,0,0,0,0,0,0,0,0,0,0,0,0,0,0,0,0,0,0,0,0,0,Dal
0,0,0,170,56,83,50,6,1,0,0,0,28,16,9,3,1,0,0,0,0,19,0,0,0,0,0,0,220,27,0,36,0,0,0,4,23,100,7,0,140,0,0,0,0,0,21,0,0,26,0,0,0,0,0,24,3,0,0,10,0,0,0,0,1,0,0,0,0,0,0,0,0,0,0,0,0,0,0,0,0,Dal
0,0,0,182,16,49,35,1,0,0,0,0,9,25,0,1,0,0,0,0,0,10,0,0,0,0,0,0,85,10,0,7,0,0,0,10,11,107,8,0,64,0,0,0,0,0,8,0,0,4,0,0,0,0,0,7,0,0,0,3,0,0,0,0,0,0,0,0,0,0,0,0,0,0,0,0,0,0,0,0,0,Dal
42,186,6,91,61,8,77,6,2,0,18,36,5,11,11,2,0,0,0,0,0,11,12,0,1,0,0,0,240,2,0,88,1,0,14,0,17,16,11,0,6,3,0,4,1,0,0,5,1,6,9,3,10,3,0,111,0,0,87,0,0,0,0,7,6,0,0,6,0,0,0,0,0,0,0,0,1,0,0,0,0,Fe
48,288,48,78,18,25,96,12,1,0,24,40,8,0,9,7,0,0,0,0,0,12,0,0,0,0,0,0,306,24,0,188,0,0,0,3,26,27,6,0,40,4,0,8,1,0,0,0,0,26,15,0,5,4,0,165,5,0,133,6,0,0,0,8,12,0,0,17,0,0,0,0,0,0,0,0,1,0,0,0,0,Fe
48,352,56,102,24,49,108,13,7,0,8,48,10,0,5,8,0,0,0,0,0,19,0,0,0,0,0,0,504,27,0,276,3,0,0,0,37,12,14,0,37,4,0,7,0,0,0,0,0,39,29,0,7,3,0,288,9,0,119,0,0,0,0,10,6,0,0,7,0,0,0,0,0,0,0,0,1,0,0,0,0,Fe
0,140,15,0,35,28,0,13,5,0,25,20,14,0,3,6,0,0,0,0,0,7,0,0,0,0,0,0,300,0,0,94,0,0,0,0,23,56,11,0,25,0,0,6,0,0,0,3,0,12,9,0,2,0,0,88,0,0,46,0,0,0,0,0,15,0,0,10,0,0,0,0,0,0,0,0,1,0,0,0,0,Fe
0,210,25,0,39,33,0,17,10,0,18,35,19,0,9,4,0,0,0,0,0,10,0,0,0,0,0,0,416,3,0,168,0,0,0,0,29,39,26,0,22,1,0,6,0,0,0,0,0,21,3,0,3,9,0,59,0,0,145,0,0,0,0,0,3,2,0,15,3,0,0,0,0,0,0,0,5,0,0,0,0,Fe
0,252,30,0,64,50,0,24,4,0,6,48,29,0,6,6,0,0,0,0,0,11,0,0,0,0,0,0,608,27,0,228,4,0,0,0,37,16,35,0,16,0,0,12,0,5,0,0,0,31,3,0,2,12,0,76,2,0,210,0,0,0,0,0,1,2,0,9,4,0,0,0,0,0,0,0,11,0,0,0,0,Fe
45,261,63,65,27,23,90,13,3,0,9,54,11,0,9,8,0,0,0,0,0,8,0,0,0,0,0,0,234,42,0,220,7,0,0,0,19,9,2,0,36,8,0,0,6,3,0,0,0,44,24,0,4,12,0,131,11,0,69,0,0,0,0,2,4,0,0,8,0,0,0,0,0,0,0,0,2,0,0,0,0,Fe
45,288,81,80,33,30,110,15,0,0,27,54,14,0,14,10,0,0,0,0,9,17,0,2,0,0,0,0,319,57,0,260,0,0,0,4,24,33,7,0,65,10,0,0,16,8,0,0,0,63,23,0,8,24,0,159,18,0,158,9,0,0,0,5,12,0,0,29,0,0,0,0,0,0,0,0,4,0,0,0,0,Fe
50,400,50,100,56,0,125,20,0,0,20,110,21,0,55,13,0,0,0,0,10,22,0,4,0,0,0,0,504,77,0,364,7,0,0,0,41,28,16,0,69,0,0,0,0,4,0,0,0,76,45,0,9,42,0,242,13,0,186,1,0,0,0,6,10,0,0,22,0,0,0,0,0,0,0,0,2,0,0,0,0,Fe
18,75,15,102,22,0,96,13,0,0,12,24,10,11,20,3,2,0,0,0,0,6,0,0,0,0,0,0,253,54,0,123,5,0,0,0,21,33,10,0,47,6,0,0,0,0,0,0,0,40,18,0,8,0,0,159,9,0,42,0,0,0,0,0,18,0,0,7,0,0,0,1,0,0,0,0,0,0,0,0,2,Fe
20,132,28,105,52,14,95,19,0,0,8,36,20,0,22,3,0,0,0,0,0,8,0,0,0,0,0,0,377,82,0,171,0,0,0,3,34,26,16,0,52,3,0,5,2,0,0,0,0,35,11,0,29,10,0,153,13,0,156,12,0,0,0,0,8,0,0,14,0,0,0,0,0,0,0,0,0,0,0,0,0,Fe
24,252,18,96,74,27,88,23,0,0,0,90,26,0,20,4,0,0,0,0,0,15,0,0,0,0,0,0,555,40,0,250,0,0,0,9,46,0,70,0,9,4,0,5,0,0,0,0,0,84,46,0,20,7,0,300,2,0,170,4,0,0,0,0,0,15,0,0,1,0,0,0,0,0,0,0,4,0,0,0,0,Fe
0,132,24,0,79,2,0,22,1,0,12,24,45,0,8,8,0,0,0,0,0,9,0,0,0,0,0,0,338,68,0,218,10,0,0,0,41,39,5,0,57,4,0,0,4,0,0,0,0,28,11,0,0,12,0,81,3,0,44,2,0,0,0,0,6,0,0,6,0,0,0,0,0,0,0,0,0,0,0,0,0,Fe
21,117,15,196,53,35,133,10,0,0,6,33,30,28,11,7,0,0,0,0,0,44,0,0,0,0,0,0,648,56,0,323,3,0,0,6,66,0,50,0,14,1,0,2,7,0,0,0,0,55,6,0,4,35,0,87,2,0,153,10,0,0,0,2,0,2,0,1,0,0,0,0,0,0,0,0,6,0,0,0,0,Fe
25,235,40,155,90,47,115,17,3,0,0,56,52,0,17,11,0,0,0,0,4,45,0,8,0,0,0,0,798,69,0,439,12,0,0,0,85,0,72,0,33,0,0,3,0,0,0,0,0,68,36,0,4,35,0,221,10,0,143,3,0,0,0,0,0,0,0,3,0,0,0,0,0,0,0,0,5,0,0,0,0,Fe
30,170,10,30,23,3,63,16,10,0,20,90,6,3,2,16,0,1,0,0,0,16,9,0,16,0,0,0,105,0,0,123,1,0,0,0,8,15,13,0,26,19,0,0,0,0,11,4,0,69,20,0,0,0,0,155,1,0,0,0,0,0,0,4,20,3,0,0,0,0,0,0,0,4,0,0,0,0,0,0,0,Ghe
60,228,24,80,45,10,110,18,13,0,48,120,12,12,2,18,0,2,0,0,0,36,18,0,18,0,0,0,170,0,0,148,7,0,0,4,25,41,17,0,56,9,0,0,0,1,11,7,8,86,27,0,0,0,0,183,2,0,4,1,0,0,0,6,37,7,0,0,0,0,0,0,0,7,0,0,0,0,0,0,0,Ghe
91,299,39,126,30,17,189,11,11,0,26,169,6,12,18,13,8,4,0,0,0,55,13,0,27,0,0,0,264,19,0,244,14,0,0,0,28,14,23,0,40,9,0,2,0,4,3,0,0,148,39,0,7,9,0,249,23,0,36,0,0,0,0,9,9,9,0,3,0,0,0,0,0,4,0,0,5,0,0,0,0,Ghe
32,112,16,60,16,8,68,13,6,0,24,72,10,0,9,12,0,1,0,0,0,25,0,0,4,0,0,0,120,12,0,95,6,0,0,0,13,31,16,0,37,6,0,1,0,3,3,0,0,60,12,0,3,0,0,78,7,0,10,0,0,0,0,0,18,4,0,4,0,0,0,0,0,0,0,0,5,0,0,0,0,Ghe
60,160,30,102,28,8,132,16,13,0,40,110,16,7,12,14,0,4,0,0,0,42,11,0,3,0,0,0,126,17,0,126,8,0,0,5,24,33,15,0,67,4,0,2,0,8,0,0,0,80,19,0,7,0,0,121,21,0,25,2,0,0,0,2,24,1,0,12,0,0,0,0,0,0,0,0,6,0,0,0,0,Ghe
0,198,36,0,44,9,0,44,16,0,9,90,32,0,22,32,0,3,0,0,27,49,0,3,2,0,0,0,198,33,0,245,4,0,0,0,29,11,35,0,59,13,0,1,0,10,0,3,0,139,31,0,5,7,0,195,37,0,28,0,0,0,0,4,10,9,0,5,1,0,0,0,0,0,0,0,4,0,0,0,0,Ghe
45,171,54,45,15,0,145,25,0,0,9,72,12,0,9,21,0,2,0,0,9,37,0,0,12,0,0,0,80,22,0,224,19,0,0,0,12,5,14,0,54,24,0,0,3,9,0,0,0,120,27,0,4,6,0,175,35,0,26,0,0,0,0,4,9,6,0,5,0,0,0,0,0,0,0,0,5,0,0,0,0,Ghe
63,171,63,77,6,10,252,15,10,0,27,99,5,6,23,14,5,1,0,0,9,67,0,0,31,0,0,0,108,18,0,284,30,0,0,0,21,12,17,0,85,26,0,0,3,9,0,6,0,183,43,0,5,7,0,268,41,0,28,0,0,0,0,4,24,5,0,6,0,0,0,0,0,0,7,0,6,0,0,0,0,Ghe
0,240,40,0,21,0,0,36,12,0,30,160,18,0,28,27,0,6,0,0,10,81,0,1,24,0,0,0,147,23,0,357,14,0,0,4,33,21,34,0,112,32,0,0,1,11,0,0,0,230,73,0,10,9,0,377,64,0,51,5,0,0,0,5,40,12,0,14,0,0,0,0,0,0,0,0,12,0,0,0,0,Ghe
49,98,21,133,21,14,175,18,10,0,14,91,12,0,8,18,0,7,0,0,7,42,0,0,5,0,0,0,156,21,0,121,18,0,0,0,25,29,23,0,41,9,0,1,0,5,2,8,0,128,42,0,3,7,0,122,10,0,20,0,0,0,0,2,18,7,0,5,0,0,0,0,0,0,7,0,9,0,0,0,0,Ghe
0,126,28,0,32,22,0,25,27,0,21,105,21,0,5,28,0,6,0,0,0,55,0,0,11,0,0,0,180,22,0,202,24,0,0,0,37,36,54,0,79,14,0,2,0,6,0,0,0,172,70,0,3,3,0,229,18,0,24,0,0,0,0,5,39,19,0,7,1,0,0,0,0,0,0,0,9,0,0,0,0,Ghe
0,192,40,0,67,22,0,68,40,0,8,144,45,0,20,54,0,6,0,0,0,79,0,0,7,0,0,0,266,28,0,358,31,0,0,0,50,13,74,0,74,14,0,2,0,14,0,0,0,248,61,0,2,33,0,287,35,0,64,0,0,0,0,10,9,14,0,7,2,0,0,0,0,0,0,0,12,0,0,0,0,Ghe
12,108,25,40,21,0,54,19,11,0,23,62,18,7,14,12,3,3,0,0,10,41,0,0,1,0,0,0,176,21,0,163,13,0,0,0,40,33,27,0,70,13,0,0,0,0,0,1,0,113,45,0,4,0,0,184,21,0,12,0,0,0,0,0,30,8,0,5,0,0,0,0,0,0,0,0,7,0,0,0,0,Ghe
10,110,15,48,26,1,68,25,9,0,20,85,20,18,20,20,5,2,0,0,0,66,0,0,2,0,0,0,280,42,0,268,15,0,0,6,60,28,42,0,84,21,0,0,0,5,0,0,0,184,57,0,0,0,0,302,49,0,0,6,0,0,0,0,26,9,0,0,0,0,0,0,0,0,0,0,0,0,0,0,0,Ghe
16,232,44,54,45,20,80,37,10,0,14,135,36,15,11,24,7,4,0,0,7,83,0,0,1,0,0,0,390,46,0,457,31,0,0,0,79,0,51,0,35,28,0,0,0,12,0,12,0,250,80,0,0,0,0,445,57,0,0,0,0,0,0,0,0,23,0,0,0,0,0,0,0,0,5,0,0,0,0,0,0,Ghe
0,0,0,40,5,11,30,1,0,0,0,0,2,0,0,0,0,0,0,0,0,0,0,0,0,0,0,0,10,7,0,0,0,0,0,0,0,0,0,0,43,0,0,0,0,0,0,0,0,0,0,0,0,0,0,2,0,0,0,0,0,0,0,0,0,0,0,0,0,0,0,0,0,0,0,0,0,0,0,0,0,Ha
0,0,0,33,7,13,18,0,0,0,0,0,4,0,0,0,0,0,0,0,0,0,0,0,0,0,0,0,14,7,0,0,0,0,0,0,4,4,3,0,49,0,0,0,0,0,1,0,0,6,0,0,0,0,0,2,0,0,0,0,0,0,0,0,0,0,0,0,0,0,0,0,0,0,0,0,0,0,0,0,0,Ha
0,0,0,0,12,12,0,4,4,0,0,0,6,0,0,0,0,0,0,0,0,2,0,0,0,0,0,0,6,8,0,1,3,0,0,0,0,12,0,0,84,0,0,0,0,4,0,0,0,0,0,0,0,0,0,0,0,0,0,0,0,0,0,0,6,0,0,0,0,0,0,0,0,0,0,0,0,0,0,0,0,Ha
0,0,0,65,16,0,15,0,0,0,0,0,4,0,0,0,0,0,0,0,0,0,0,0,0,0,0,0,16,11,0,0,0,0,0,0,0,5,0,0,18,0,0,0,0,0,0,0,0,0,0,0,0,0,0,0,0,0,0,0,0,0,0,0,0,0,0,0,0,0,0,0,0,0,0,0,0,0,0,0,0,Ha
0,0,0,48,10,15,12,0,0,0,0,0,0,0,0,0,3,0,0,0,0,2,0,0,0,0,0,0,18,0,0,0,0,0,0,0,6,6,3,0,23,0,0,0,0,0,0,0,0,4,0,0,0,0,0,6,0,0,0,0,0,0,0,0,0,0,0,0,0,0,0,0,0,0,0,0,0,0,0,0,0,Ha
0,0,0,0,30,13,0,0,0,0,0,0,8,0,0,0,0,0,0,0,0,0,0,0,0,0,0,0,20,0,0,0,0,0,0,0,6,12,3,0,33,0,0,0,0,0,0,0,0,5,0,0,0,0,0,4,0,0,0,0,0,0,0,0,0,0,0,0,0,0,0,0,0,0,0,0,0,0,0,0,0,Ha
0,0,0,0,17,20,0,8,0,0,0,0,11,0,0,0,0,0,0,0,0,4,0,0,0,0,0,0,18,5,0,0,0,0,0,0,8,7,3,0,73,0,0,0,0,0,1,0,0,8,0,0,0,0,0,12,1,0,0,0,0,0,0,0,0,0,0,0,0,0,0,0,0,0,0,0,0,0,0,0,0,Ha
0,0,0,30,31,22,42,24,0,0,0,0,8,0,3,7,0,0,0,0,0,2,0,0,0,0,0,0,28,13,0,0,0,0,0,0,2,0,0,3,120,0,0,0,0,0,0,0,1,10,0,0,0,0,0,22,0,0,0,0,0,0,0,2,0,0,0,0,0,0,0,0,0,0,0,0,0,0,0,0,0,Ha
0,0,0,0,40,45,0,29,0,0,0,0,28,0,0,11,0,0,0,0,0,2,0,0,0,0,0,0,40,15,0,0,0,0,0,0,8,0,0,0,157,0,0,0,0,0,0,0,0,0,0,0,0,0,0,33,0,0,0,0,0,0,0,0,0,0,0,0,0,0,0,0,0,0,0,0,0,0,0,0,0,Ha
0,0,0,28,50,7,14,14,0,0,0,0,14,9,8,3,1,0,0,0,0,5,0,0,0,0,0,0,36,33,0,0,0,2,0,0,0,11,0,0,56,0,1,0,0,0,0,0,0,7,0,0,0,0,0,12,1,0,0,0,0,0,0,0,0,0,2,0,0,0,0,0,0,0,0,3,0,0,0,0,0,Ha
0,0,0,136,36,15,80,4,0,0,0,0,33,6,0,4,0,0,0,0,0,12,0,0,0,0,0,0,36,28,0,0,0,0,1,5,6,0,16,0,84,0,0,0,0,0,0,0,0,13,0,0,0,0,0,28,4,0,0,5,0,0,0,0,0,0,0,0,0,0,0,0,0,0,0,0,0,0,0,0,0,Ha
3,10,10,54,41,3,36,7,0,0,2,7,42,11,16,12,0,0,0,0,0,26,0,0,0,0,0,0,45,21,0,0,10,0,0,0,10,4,27,0,98,0,0,0,0,0,0,0,0,41,0,0,0,0,0,39,0,0,0,0,0,0,0,0,0,2,0,0,0,0,0,0,0,0,0,0,0,0,0,0,0,Ha
0,0,0,34,32,28,18,9,0,0,0,0,25,0,6,3,0,0,0,0,0,5,0,0,0,0,0,0,31,17,0,0,0,0,0,0,8,0,0,0,85,0,0,0,0,0,0,0,0,15,0,0,0,0,0,11,0,0,0,0,0,0,0,0,0,0,0,0,0,0,0,0,0,0,0,0,0,0,0,0,0,Ha
0,0,0,95,35,36,60,12,0,0,0,0,30,9,5,5,0,0,0,0,0,15,0,0,0,0,0,0,35,6,0,0,0,0,1,3,16,0,8,0,124,0,0,0,0,0,0,0,0,26,0,0,0,0,0,17,1,0,0,8,0,0,0,0,0,0,0,0,0,0,0,0,0,0,0,0,0,0,0,0,0,Ha
0,11,18,0,59,44,0,25,5,0,1,2,63,0,8,8,0,0,0,0,0,17,0,0,0,0,0,0,45,7,0,1,13,0,0,0,20,8,0,0,181,0,0,0,0,2,0,0,0,17,0,0,0,0,0,26,0,0,0,0,0,0,0,0,0,0,0,0,0,0,0,0,0,0,0,0,0,0,0,0,0,Ha
0,0,0,48,27,2,4,3,1,0,0,0,6,21,0,0,0,0,0,0,0,2,0,0,0,0,0,0,10,3,0,0,3,0,0,0,8,8,0,0,0,0,0,0,0,9,0,0,0,0,0,0,0,0,0,2,0,0,0,0,0,0,0,0,0,0,0,0,0,0,0,0,0,0,0,0,0,0,0,0,0,Hamze
0,0,0,0,36,5,0,8,0,0,0,0,14,35,0,0,2,0,0,0,0,8,0,0,0,0,0,0,12,4,0,0,0,0,0,0,12,7,3,0,9,0,0,0,0,0,3,0,0,0,0,0,0,0,0,4,2,0,0,0,0,0,0,0,1,1,0,0,0,0,0,0,0,0,0,0,0,0,0,0,0,Hamze
0,0,0,48,44,9,24,15,3,0,0,0,11,42,0,0,3,0,0,0,0,8,0,0,0,0,0,0,28,20,0,8,1,0,0,0,0,7,0,4,24,0,0,0,0,0,0,0,6,0,0,0,0,0,0,11,9,0,0,0,0,0,0,0,1,0,0,0,0,0,0,0,0,0,0,0,0,0,0,0,0,Hamze
0,0,0,22,24,4,6,3,0,0,0,0,3,18,0,6,1,0,0,0,0,0,0,0,0,0,0,0,22,0,0,0,0,0,0,0,6,3,0,0,4,0,0,0,0,0,0,0,8,0,0,0,0,0,0,2,0,0,0,0,0,0,0,6,0,0,0,0,0,0,0,0,0,0,0,0,0,0,0,0,0,Hamze
0,0,0,0,126,0,0,16,0,0,0,0,14,25,3,0,1,0,0,0,0,5,3,0,0,1,0,0,13,34,0,2,0,0,0,0,0,15,0,4,9,0,0,0,0,0,0,0,4,1,0,0,0,0,0,0,3,0,0,0,0,0,0,0,0,0,0,0,0,0,0,0,0,0,0,0,0,0,0,0,0,Hamze
0,0,0,54,60,0,9,12,0,0,0,0,27,22,0,0,2,0,0,0,0,14,0,0,0,0,0,0,15,36,0,2,0,0,0,0,0,21,0,0,17,0,0,0,0,0,0,0,0,0,0,0,0,0,0,0,5,0,0,0,0,0,0,0,0,0,0,0,0,0,0,0,0,0,0,0,0,0,0,0,0,Hamze
0,0,0,0,69,48,0,3,2,0,0,0,0,85,0,0,0,0,0,0,0,0,32,0,0,0,0,0,94,40,0,0,4,0,0,0,18,0,13,0,0,0,0,0,0,0,0,0,0,0,0,0,0,0,0,8,2,0,0,0,0,0,0,0,0,0,0,0,0,0,0,0,0,0,0,0,0,0,0,0,0,Hamze
0,0,0,75,84,20,3,4,1,0,0,0,0,76,0,0,0,0,0,0,0,0,9,0,0,0,0,0,74,33,0,0,3,0,0,0,12,0,5,0,0,0,0,0,0,0,0,0,0,0,0,0,0,0,0,7,4,0,0,0,0,0,0,0,0,0,0,0,0,0,0,0,0,0,0,0,0,0,0,0,0,Hamze
0,0,0,0,69,48,0,3,2,0,0,0,0,85,0,0,0,0,0,0,0,0,32,0,0,0,0,0,94,40,0,0,4,0,0,0,18,0,13,0,0,0,0,0,0,0,0,0,0,0,0,0,0,0,0,8,2,0,0,0,0,0,0,0,0,0,0,0,0,0,0,0,0,0,0,0,0,0,0,0,0,Hamze
0,0,0,51,28,0,3,2,0,0,0,0,0,42,0,0,0,0,0,0,0,0,6,0,0,0,0,0,22,20,0,0,0,0,0,3,10,8,5,0,0,0,0,0,0,0,0,0,0,0,0,0,0,0,0,2,0,0,1,2,0,0,0,0,0,0,0,0,0,0,0,0,0,0,0,0,0,0,0,0,0,Hamze
0,0,0,0,48,0,0,3,0,0,0,0,4,41,3,0,0,0,0,0,0,0,22,0,0,0,0,0,20,18,0,0,5,0,0,0,8,22,12,0,0,0,0,0,0,2,0,0,0,0,0,0,0,0,0,2,0,0,0,0,0,0,0,0,0,0,0,0,0,0,0,0,0,0,0,0,0,0,0,0,0,Hamze
0,0,0,120,38,19,0,0,0,0,0,0,0,68,0,0,0,0,0,0,0,0,26,0,0,0,0,0,66,29,0,0,0,0,0,0,10,0,10,0,0,0,0,0,0,0,0,0,0,0,0,0,0,0,0,0,0,0,0,0,0,0,0,0,0,0,0,0,0,0,0,0,0,0,0,0,0,0,0,0,0,Hamze
0,0,0,80,50,0,12,0,0,0,0,0,47,36,3,3,0,0,0,0,0,55,4,0,0,0,0,0,6,44,0,5,0,0,0,0,0,27,0,0,18,0,0,0,0,0,0,0,0,2,0,0,0,0,0,0,0,0,0,0,0,0,0,0,0,0,0,0,0,0,0,0,0,0,0,0,0,0,0,0,0,Hamze
0,0,0,192,0,8,32,0,0,0,0,0,0,114,4,0,0,0,0,0,0,128,6,0,0,0,0,0,44,42,0,0,0,0,0,4,0,29,7,0,24,0,0,0,0,0,4,0,0,2,0,0,0,0,0,8,3,0,0,7,0,0,0,0,5,0,0,0,0,0,0,0,0,0,0,0,0,0,0,0,0,Hamze
0,0,0,52,65,11,12,10,2,0,0,0,61,87,6,6,0,0,0,0,0,129,12,0,0,0,0,0,46,47,0,2,9,0,0,0,0,26,19,0,43,0,0,0,0,0,14,0,0,5,0,0,0,0,0,12,6,0,0,0,0,0,0,0,4,0,0,0,0,0,0,0,0,0,0,0,0,0,0,0,0,Hamze
24,28,7,228,204,0,30,23,20,0,85,3,18,637,0,0,10,0,0,45,0,4,274,0,0,0,0,0,14,29,0,3,11,0,1,10,12,10,67,0,21,11,0,0,0,64,0,0,0,0,0,0,0,0,0,4,18,0,0,7,0,0,0,1,0,0,0,0,0,0,0,0,7,0,0,0,0,0,0,0,0,He
6,6,1,216,132,13,18,7,13,0,18,0,8,503,0,0,3,0,0,9,0,4,205,0,0,0,0,0,30,14,0,2,3,0,1,13,18,19,49,0,16,0,0,0,0,26,0,0,0,3,0,0,0,0,0,4,6,0,0,3,0,0,0,2,0,0,0,0,0,0,0,0,5,0,0,0,0,0,0,0,0,He
0,0,0,357,414,0,28,25,20,0,0,0,31,912,0,0,2,0,0,0,0,3,396,0,0,0,0,0,69,38,0,6,11,0,2,10,42,0,98,0,17,0,0,0,0,64,0,0,0,0,0,0,0,0,0,9,13,0,0,7,0,0,0,3,0,0,0,0,0,0,0,0,6,0,0,0,0,0,0,0,0,He
0,0,0,185,160,12,20,13,12,0,0,0,18,522,0,0,6,0,0,0,0,8,112,0,0,0,0,0,34,9,0,2,4,0,2,12,16,10,39,0,18,5,0,0,0,31,0,0,0,0,0,0,0,0,0,6,8,0,0,4,0,0,0,2,0,0,0,0,0,0,0,0,3,0,0,0,0,0,0,0,0,He
0,0,0,306,387,1,36,41,20,0,0,0,47,930,0,0,14,0,0,0,0,14,246,0,0,0,0,0,52,16,0,4,10,0,4,10,26,29,60,0,19,22,0,0,0,78,0,0,0,0,0,0,0,0,0,10,20,0,0,6,0,0,0,2,0,0,0,0,0,0,0,0,4,0,0,0,0,0,0,0,0,He
0,0,0,210,74,37,25,10,13,0,0,0,5,303,20,0,1,5,0,0,0,0,416,0,0,0,0,0,19,47,0,0,4,0,0,11,9,42,69,0,3,21,0,0,0,51,0,0,0,0,0,0,0,0,0,5,19,0,0,4,0,0,0,0,0,0,0,0,0,0,0,0,0,0,0,0,0,0,0,0,0,He
0,0,0,105,33,52,12,4,4,0,0,0,0,255,7,0,4,0,0,0,0,0,256,0,0,0,0,0,36,13,0,0,0,0,0,4,14,30,39,0,3,28,0,0,0,25,0,0,0,0,0,0,0,0,0,8,5,0,0,10,0,0,0,0,0,0,0,0,0,0,0,0,0,0,0,0,0,0,0,0,0,He
0,0,0,336,86,81,42,12,17,0,0,0,8,578,8,0,5,1,0,0,0,2,411,0,0,0,0,0,71,20,0,0,2,0,0,11,34,50,75,0,7,44,0,0,0,60,0,2,0,0,1,0,0,0,0,18,10,0,0,6,0,0,0,0,0,0,0,0,0,0,0,0,0,0,0,0,0,0,0,0,0,He
0,0,0,126,102,0,21,15,9,0,0,0,23,636,0,1,8,0,0,0,0,33,44,0,0,0,0,0,8,3,0,0,0,0,0,9,72,53,10,1,46,2,0,0,0,56,0,0,0,0,0,0,0,0,0,6,10,0,0,29,0,0,0,6,5,3,0,0,0,0,0,0,5,0,0,0,0,0,0,0,0,He
0,0,0,33,84,0,7,12,12,0,0,0,15,419,0,8,3,0,0,0,0,22,75,0,0,0,0,0,0,8,1,1,33,0,0,0,0,51,19,0,55,5,0,0,0,43,0,0,0,3,0,0,0,0,0,0,14,0,0,0,0,0,0,0,0,0,0,0,0,0,0,0,12,0,0,0,0,0,0,0,0,He
0,0,0,196,160,0,32,20,6,0,0,0,36,861,0,4,9,0,0,0,0,48,122,0,0,0,0,0,10,8,0,1,15,0,0,32,84,70,19,0,71,12,0,0,0,88,0,0,0,0,0,0,0,0,0,6,16,0,0,8,0,0,0,6,0,0,0,0,0,0,0,0,10,0,0,0,0,0,0,0,0,He
0,0,0,0,9,51,0,6,26,0,0,0,118,652,6,15,8,2,0,0,0,13,353,0,0,0,0,0,48,30,0,0,6,0,0,3,24,71,15,0,41,42,0,0,0,61,0,0,0,2,0,0,0,0,0,12,23,0,0,6,0,0,11,2,0,0,0,0,0,0,0,0,6,0,0,0,0,0,0,0,0,He
0,0,0,0,0,0,0,11,24,0,0,0,101,447,0,9,1,2,0,0,0,5,261,0,0,0,0,0,34,8,0,0,19,0,0,3,16,56,35,0,24,12,0,0,0,32,0,0,0,3,0,0,0,0,0,12,25,0,0,12,0,0,0,2,0,0,0,0,0,0,0,0,5,0,0,0,0,0,0,0,0,He
0,0,0,0,17,107,0,3,9,0,0,0,128,847,21,23,25,0,0,0,0,16,497,0,0,2,0,0,23,99,0,0,0,0,0,10,11,75,4,0,63,63,0,0,0,109,0,0,0,6,0,0,0,0,0,8,27,0,0,7,0,0,0,1,10,5,0,0,0,0,0,0,9,0,0,0,0,0,0,0,0,He
0,43,15,0,0,13,0,7,1,7,5,8,133,14,53,70,4,0,0,1,1,20,14,13,7,1,0,0,326,54,0,156,10,0,0,0,15,53,5,0,59,0,0,0,0,0,6,0,0,55,0,0,0,0,0,13,0,0,0,0,0,0,0,2,0,0,0,0,0,0,0,0,0,0,0,0,0,0,0,0,0,Kaf
0,0,0,0,0,0,0,0,0,0,0,0,202,38,119,88,6,0,0,0,0,31,0,15,9,0,0,0,534,101,0,185,0,0,6,5,20,58,18,0,33,0,0,0,0,0,53,0,0,130,0,0,0,0,0,21,0,0,0,10,0,0,0,6,0,0,0,0,0,0,0,0,0,0,0,0,0,0,0,0,0,Kaf
0,36,18,0,0,0,0,9,4,0,0,2,250,46,175,135,7,1,0,0,0,20,0,23,36,0,0,0,763,123,0,287,13,0,0,0,12,11,16,6,12,0,0,0,0,0,64,0,0,183,0,0,3,0,0,27,1,0,3,0,0,3,0,22,0,0,0,0,0,0,1,0,0,0,0,0,0,0,0,2,0,Kaf
0,0,0,48,0,0,18,0,0,0,0,0,115,12,28,48,5,0,0,0,0,13,12,29,1,1,1,0,292,76,0,92,0,0,5,1,25,71,15,0,56,0,0,0,0,0,5,0,0,58,0,0,0,0,0,13,0,0,2,9,0,0,0,0,0,0,0,0,0,0,0,0,0,0,0,0,0,0,0,0,0,Kaf
0,0,0,56,0,0,26,0,0,0,0,0,129,0,61,72,0,1,0,0,0,40,25,24,14,13,5,0,446,104,0,195,0,0,5,0,35,31,29,0,60,0,0,0,0,0,4,0,0,100,0,0,0,0,0,27,0,0,0,12,0,0,0,0,0,0,0,0,0,0,0,0,0,0,0,0,0,0,0,0,0,Kaf
0,0,0,0,0,0,0,0,0,0,0,0,271,46,107,130,19,1,0,0,0,29,0,0,1,0,0,0,663,156,0,261,17,0,0,0,48,7,13,0,52,0,0,0,0,0,4,0,0,132,0,0,0,0,0,34,2,0,0,0,0,0,0,2,0,0,0,0,0,0,0,0,0,0,0,0,0,0,0,0,0,Kaf
6,34,15,162,9,11,84,0,0,0,0,1,192,47,71,126,8,1,0,0,0,19,0,3,13,0,0,0,614,146,0,264,0,0,0,0,15,13,11,0,49,0,0,0,0,3,7,0,0,95,0,0,0,0,0,7,0,0,0,0,0,0,0,5,0,0,0,0,0,0,0,0,0,0,0,0,0,0,0,0,0,Kaf
4,38,15,128,0,0,68,5,0,0,4,3,211,52,74,128,12,4,0,0,0,135,0,22,71,0,0,0,824,181,0,385,8,0,0,0,30,26,34,0,70,0,0,3,0,3,4,0,0,124,0,0,2,0,0,43,7,0,3,0,0,0,0,4,0,0,0,0,0,0,0,0,0,0,0,0,0,0,0,0,0,Kaf
0,0,0,74,0,0,42,0,0,0,0,0,348,53,117,240,19,7,0,0,0,105,0,20,52,0,0,0,1125,273,0,565,0,0,6,0,41,25,26,0,86,0,0,0,0,4,2,0,0,177,0,0,0,0,0,61,10,0,2,9,0,3,0,4,0,0,0,0,0,0,0,0,0,0,0,0,0,0,0,0,0,Kaf
0,0,0,92,17,0,28,5,0,0,0,0,4,76,30,0,3,0,0,0,0,4,0,7,0,0,0,0,221,58,0,59,0,0,0,3,15,56,11,0,54,0,0,0,0,0,7,0,0,38,0,0,0,0,0,13,0,0,0,10,0,0,0,0,0,0,0,0,0,0,0,0,0,0,0,0,0,0,0,0,0,Kaf
0,0,0,108,39,4,44,18,2,0,0,0,9,79,62,0,19,2,0,0,0,5,0,10,0,0,1,0,342,103,0,119,0,0,0,3,25,15,21,0,56,0,0,0,0,0,5,0,0,90,0,0,0,0,0,42,3,0,0,11,0,0,0,0,3,0,0,0,0,0,0,0,0,0,0,0,0,0,0,0,0,Kaf
0,0,0,155,24,3,65,8,3,0,0,0,4,139,80,2,19,0,0,0,0,1,15,3,10,0,0,0,504,136,0,156,10,0,0,0,19,43,26,0,77,0,0,0,0,0,5,0,6,94,0,0,0,0,0,27,8,0,0,0,0,0,0,16,0,0,0,0,0,0,0,0,0,0,0,0,0,0,0,0,0,Kaf
0,0,0,114,0,0,126,0,0,0,0,0,204,0,0,358,15,8,0,0,0,34,0,0,20,25,0,0,254,218,0,137,4,0,42,0,48,6,12,0,101,13,0,45,4,0,0,0,0,41,0,0,9,0,0,121,67,0,77,30,0,0,0,0,0,0,0,6,5,0,0,0,0,0,0,0,0,0,0,0,0,Kaf
0,0,0,0,0,0,0,0,0,0,0,0,240,0,0,493,35,3,0,0,0,76,0,0,78,21,0,0,406,357,0,188,7,0,69,0,67,10,19,0,138,18,0,59,7,0,0,0,0,85,0,0,18,0,0,163,83,0,131,34,0,0,0,2,0,0,0,1,22,0,0,0,0,0,0,0,0,0,0,0,0,Kaf
2,54,36,56,1,0,58,7,0,0,4,0,369,0,0,640,77,4,0,0,0,124,0,0,113,0,0,0,553,474,0,298,2,0,90,0,93,24,0,0,185,22,0,85,5,0,0,0,0,126,0,0,15,0,0,229,94,0,172,20,0,0,1,0,0,0,0,4,26,0,0,6,0,0,0,0,0,3,0,0,0,Kaf
0,0,0,0,94,1,0,2,1,0,0,0,19,19,0,4,0,0,0,0,0,13,0,0,4,0,0,0,476,4,0,69,0,0,3,1,12,94,0,0,16,0,0,0,0,8,0,0,3,0,0,0,0,0,0,11,0,0,3,0,0,0,0,2,0,0,0,0,0,0,0,0,0,0,0,0,0,0,0,0,0,Lam
12,51,0,140,15,6,40,0,3,0,27,0,2,30,12,0,0,0,0,6,0,31,1,0,15,0,0,0,510,0,0,140,0,0,0,0,17,194,3,0,59,0,0,0,0,0,26,0,0,7,0,0,0,0,0,5,0,0,0,0,0,0,0,2,0,0,0,0,0,0,0,0,0,0,0,0,0,0,0,0,0,Lam
0,0,0,301,22,8,98,0,2,0,0,0,7,40,18,0,0,0,0,0,0,37,4,0,19,0,0,0,888,42,0,268,0,0,0,3,25,101,3,0,50,0,0,0,0,10,31,0,9,11,0,0,0,0,0,13,1,0,13,0,0,0,0,4,0,0,0,0,0,0,0,0,1,0,0,0,0,0,0,0,0,Lam
0,16,6,0,46,2,0,7,5,0,2,0,10,12,0,8,0,0,0,0,0,19,0,0,2,0,0,0,322,24,0,109,0,0,0,0,8,86,4,0,48,0,0,0,0,2,10,0,0,7,0,0,0,0,0,12,1,0,0,0,0,0,0,0,0,0,0,0,0,0,0,0,0,0,0,0,0,0,0,0,0,Lam
0,0,0,144,29,7,48,3,3,0,0,0,7,31,0,5,0,0,0,0,0,32,0,0,2,0,0,0,464,56,0,155,1,0,0,0,14,134,0,0,80,0,0,0,0,4,0,0,0,0,0,0,0,0,0,11,3,0,0,0,0,0,0,0,0,0,0,0,0,0,0,0,0,0,0,0,0,0,0,0,0,Lam
0,0,0,0,56,4,0,3,1,0,0,0,21,13,0,10,0,0,0,0,0,24,0,0,3,0,0,0,522,68,0,226,0,0,0,4,20,121,29,0,125,0,0,0,0,4,0,0,0,10,0,0,0,0,0,28,1,0,11,2,0,3,0,0,0,2,0,0,0,0,0,0,0,0,0,0,0,0,0,0,0,Lam
0,0,0,0,2,12,0,1,2,0,0,0,14,50,0,5,0,0,0,0,0,20,0,0,23,0,0,0,936,43,0,322,2,0,0,0,14,94,0,0,51,0,0,0,0,4,0,0,0,0,0,0,0,0,0,16,1,0,0,0,0,0,0,0,0,0,0,0,0,0,0,0,0,0,0,0,0,0,0,0,0,Lam
0,0,0,104,26,8,34,1,2,0,0,0,48,51,0,16,0,0,0,0,0,49,0,0,22,0,0,0,966,138,0,300,0,0,0,0,16,409,0,0,154,0,0,0,0,13,0,0,0,0,0,0,0,0,0,12,15,0,0,0,0,0,0,0,4,0,0,0,0,0,0,0,2,0,0,0,0,0,0,0,0,Lam
0,0,0,295,3,10,110,1,2,0,0,0,42,43,0,8,0,0,0,0,0,35,0,0,21,0,0,0,1696,60,0,527,1,0,1,2,36,244,0,0,119,0,0,0,0,3,0,0,0,0,0,0,0,0,0,44,1,0,11,0,0,0,0,7,0,0,0,0,0,0,0,0,0,0,0,0,0,0,0,0,0,Lam
0,0,0,231,20,0,91,1,0,0,0,0,21,6,0,2,0,0,0,0,0,12,0,0,1,0,0,0,432,0,0,161,0,0,0,0,16,84,3,0,45,0,0,0,0,0,13,0,0,10,0,0,0,0,0,9,0,0,0,0,0,0,0,0,0,0,0,0,0,0,0,0,0,0,0,0,0,0,0,0,0,Lam
2,22,4,74,28,0,34,4,3,0,3,1,32,0,0,3,0,0,0,0,0,18,0,0,0,0,0,0,523,35,0,220,0,0,3,0,22,102,4,0,90,0,0,0,0,2,22,0,0,14,0,0,0,0,0,22,1,0,11,0,0,0,0,0,0,0,0,0,0,0,0,0,0,0,0,0,0,0,0,0,0,Lam
5,28,3,210,33,0,105,5,3,0,3,1,48,0,0,3,0,0,0,0,0,17,0,0,0,0,0,0,760,10,0,350,0,0,0,0,39,113,6,0,104,0,0,0,0,0,22,0,0,18,0,0,0,0,0,39,0,0,0,0,0,0,0,0,0,0,0,0,0,0,0,0,0,0,0,0,0,0,0,0,0,Lam
0,0,0,280,14,0,112,2,0,0,0,0,103,8,0,37,0,0,0,0,0,66,0,0,30,0,0,0,842,14,0,323,3,0,0,0,46,141,0,0,81,0,0,0,0,0,0,0,0,0,0,0,0,0,0,35,0,0,0,0,0,0,0,0,0,0,0,0,0,0,0,0,0,0,0,0,0,0,0,0,0,Lam
0,0,0,336,27,0,147,6,0,0,0,0,225,0,0,111,0,0,0,0,0,17,0,0,0,0,0,0,1264,57,0,534,3,0,0,0,60,136,0,0,90,0,0,0,0,7,0,0,0,0,0,0,0,0,0,49,1,0,0,0,0,0,0,4,0,0,0,0,0,0,0,0,0,0,0,0,0,0,0,0,0,Lam
0,0,0,406,25,0,161,1,0,0,0,0,246,8,0,103,0,0,0,0,0,65,0,0,22,0,0,0,1902,20,0,752,0,0,4,0,91,101,0,0,75,0,0,0,0,0,0,0,0,0,0,0,0,0,0,67,0,0,10,3,0,0,0,0,0,0,0,0,0,0,0,0,0,0,0,0,0,0,0,0,0,Lam
0,0,0,0,25,2,0,2,0,8,0,0,134,0,0,0,0,0,7,1,0,111,25,13,0,0,0,0,24,0,0,0,0,0,0,0,24,14,19,0,9,0,0,0,0,7,2,2,0,0,1,0,0,0,0,4,0,0,0,0,0,0,0,0,0,3,0,0,0,0,0,0,0,0,0,0,0,0,0,0,0,Mim
0,0,0,234,18,4,24,0,0,0,0,0,87,36,6,0,0,0,0,0,0,261,23,0,0,0,0,0,24,43,0,0,0,0,0,0,36,5,1,0,20,3,0,1,0,27,0,0,0,5,0,0,2,0,0,8,7,0,0,0,0,0,0,0,0,0,0,4,1,0,0,0,0,0,0,0,0,0,0,0,0,Mim
4,2,0,96,24,14,12,7,0,14,8,0,226,128,0,2,0,0,17,3,0,222,62,0,0,0,0,0,26,52,0,0,0,0,0,0,50,0,0,4,29,7,0,0,0,58,0,0,6,0,0,0,0,0,0,10,13,0,0,0,0,0,0,2,0,0,0,0,0,0,0,0,5,0,0,0,0,0,0,0,0,Mim
0,0,0,0,33,0,0,0,0,0,0,0,224,75,0,2,0,0,0,0,0,0,0,37,0,0,0,0,24,0,0,0,0,0,0,0,36,0,19,3,0,0,0,0,0,0,24,0,0,0,0,0,0,0,0,0,0,0,0,0,0,0,0,0,0,0,0,0,0,0,0,0,0,0,0,0,0,0,0,0,0,Mim
0,0,0,0,248,8,0,15,0,0,0,0,198,110,0,0,0,0,0,0,0,130,31,0,0,0,0,0,45,31,0,0,0,0,0,0,58,0,0,6,6,3,0,0,0,25,0,0,4,0,0,0,0,0,0,9,3,0,0,0,0,0,0,3,0,0,0,0,0,0,0,0,3,0,0,0,0,0,0,0,0,Mim
0,0,0,110,47,0,8,0,0,0,0,0,284,51,0,2,0,0,0,0,0,239,56,0,0,0,0,0,43,44,0,0,0,0,0,0,77,0,0,4,12,6,0,0,0,49,0,0,1,0,0,0,0,0,0,9,3,0,0,0,0,0,0,0,0,0,0,0,0,0,0,0,0,0,0,0,0,0,0,0,0,Mim
0,0,0,0,116,22,0,24,2,0,0,0,53,53,0,0,2,0,0,0,0,233,0,0,0,0,0,0,35,20,0,0,0,0,0,0,0,2,0,3,50,0,0,0,0,0,0,0,16,0,0,0,0,0,0,17,5,0,0,0,0,0,0,0,3,0,0,0,0,0,0,0,0,0,0,0,0,0,0,0,0,Mim
0,0,0,245,6,11,63,3,0,0,0,0,77,31,7,0,1,0,0,0,0,432,0,0,0,0,0,0,13,51,0,0,0,0,0,6,0,20,0,0,70,0,0,0,0,0,0,0,0,7,0,0,0,0,0,9,37,0,2,3,0,0,0,0,15,0,0,0,0,0,0,0,0,0,0,0,0,0,0,0,0,Mim
0,0,0,126,33,15,27,14,1,0,0,0,251,18,4,3,0,0,0,0,0,467,0,0,0,0,0,0,53,11,0,0,0,0,0,7,0,10,12,0,89,0,0,0,0,0,4,0,0,4,0,0,0,0,0,36,9,0,3,1,0,0,0,0,8,1,0,0,0,0,0,0,0,6,0,0,0,0,0,0,0,Mim
0,0,0,148,53,0,8,7,0,0,0,0,141,3,0,0,0,0,0,0,0,152,21,0,0,0,0,0,26,33,0,0,0,0,0,0,20,22,13,0,11,3,0,0,0,5,0,0,0,0,0,0,0,0,0,4,1,0,0,0,0,0,0,0,0,0,0,0,0,0,0,0,0,0,0,0,0,0,0,0,0,Mim
0,0,0,308,78,3,21,16,0,0,0,0,249,7,0,0,0,0,0,0,0,207,26,0,0,0,0,0,34,27,0,0,0,0,4,2,32,29,24,0,7,2,0,0,0,16,10,5,0,4,2,0,0,0,0,6,4,0,0,3,0,0,0,0,0,0,0,0,0,0,0,0,0,0,0,0,0,0,0,0,0,Mim
2,9,12,100,54,0,12,31,0,0,6,3,193,29,0,0,0,0,0,0,0,434,44,0,0,0,0,0,58,23,0,0,10,0,0,0,65,47,24,0,27,5,0,0,0,32,0,15,0,0,7,0,0,0,0,18,6,0,0,0,0,0,0,0,0,1,0,0,0,0,0,0,0,0,0,0,0,0,0,0,0,Mim
0,0,0,200,27,3,30,5,0,0,0,0,203,10,9,3,0,0,0,0,0,377,0,0,0,0,0,0,58,4,0,0,0,0,0,3,0,16,7,0,28,0,0,0,0,0,0,0,0,11,0,0,0,0,0,30,0,0,3,3,0,0,0,0,9,0,0,0,0,0,0,0,0,3,0,0,0,0,0,0,0,Mim
0,0,0,0,35,13,0,12,8,0,0,0,311,3,2,5,0,1,0,0,0,539,0,0,3,0,0,0,36,45,0,0,4,0,0,4,0,22,0,4,66,0,0,0,0,4,0,0,12,5,0,0,0,0,0,27,31,0,4,5,0,0,0,0,19,0,0,0,0,0,0,0,0,0,0,0,0,0,0,0,0,Mim
0,0,0,110,61,17,20,9,1,0,0,0,578,0,14,18,0,0,0,0,0,560,0,0,3,0,0,0,149,17,0,0,7,0,0,0,6,0,0,16,51,0,0,12,0,0,0,0,14,10,0,0,3,0,0,71,4,0,2,0,0,0,0,0,3,0,0,1,0,0,0,0,0,0,0,0,0,0,0,0,0,Mim
0,108,18,0,61,13,0,0,0,0,18,0,12,1,0,22,0,0,0,0,0,9,0,0,6,0,0,0,197,0,0,113,0,0,0,0,12,53,0,0,45,0,0,0,0,0,0,0,0,0,0,0,0,0,0,0,0,0,0,0,0,0,0,4,0,0,0,0,0,0,0,0,0,0,0,0,0,0,0,0,0,Noon
25,50,20,115,47,20,60,3,3,0,60,5,8,20,5,14,0,0,0,0,0,20,0,0,5,0,0,0,132,17,0,67,2,0,0,0,12,212,2,0,158,0,0,0,0,3,11,0,0,10,0,0,0,0,0,6,1,0,0,0,0,0,0,2,0,0,0,0,0,0,0,0,0,0,0,0,0,0,0,0,0,Noon
0,70,35,0,95,65,0,4,6,0,55,0,18,114,0,3,0,0,0,0,0,32,0,0,15,0,0,0,269,30,0,80,0,0,2,3,23,226,0,5,109,0,0,0,0,8,0,0,0,0,0,0,0,0,0,5,1,0,5,2,0,0,0,6,0,0,0,0,0,0,0,0,2,0,0,0,0,0,0,0,0,Noon
4,12,12,46,6,62,14,0,0,0,20,0,0,34,0,0,6,0,0,0,0,0,6,0,0,0,0,0,102,10,0,28,0,0,0,0,11,133,6,0,83,10,0,0,0,0,0,0,0,0,0,0,0,0,0,0,0,0,0,0,0,0,0,0,0,0,0,0,0,0,0,0,0,0,0,0,0,0,0,0,0,Noon
12,24,4,174,76,29,54,2,2,0,14,6,14,13,24,7,0,0,0,4,0,22,0,0,0,0,0,0,180,0,0,66,3,0,0,0,16,114,10,0,68,0,0,0,0,0,53,0,0,36,0,0,0,0,0,5,0,0,0,0,0,0,0,0,0,0,0,0,0,0,0,0,0,0,0,0,0,0,0,0,0,Noon
0,48,18,0,132,60,0,10,4,0,27,3,32,9,9,16,0,0,0,0,0,25,0,0,0,0,0,0,198,37,0,129,5,0,0,0,21,125,1,0,188,0,0,0,0,3,5,0,0,13,0,0,0,0,0,20,4,0,0,0,0,0,0,0,0,0,0,0,0,0,0,0,0,0,0,0,0,0,0,0,0,Noon
42,120,18,98,49,3,140,8,0,0,48,12,21,14,10,17,0,0,0,0,0,16,0,0,5,0,0,0,145,34,0,256,0,0,5,2,14,46,7,0,182,0,0,0,0,9,0,0,0,24,0,0,0,0,0,33,7,0,2,2,0,0,0,3,0,0,0,0,0,0,0,0,0,0,0,0,0,0,0,0,0,Noon
0,120,42,0,54,29,0,6,4,0,78,0,29,29,0,12,0,0,0,0,0,31,0,0,9,0,0,0,204,50,0,294,0,0,1,2,24,113,0,0,364,0,0,0,0,8,0,0,0,0,0,0,0,0,0,45,8,0,3,3,0,0,0,6,0,0,0,0,0,0,0,0,0,0,0,0,0,0,0,0,0,Noon
16,224,54,42,92,25,54,15,3,0,82,1,42,34,0,30,0,0,0,7,0,38,0,0,7,0,0,0,318,56,0,475,6,0,0,0,31,99,4,0,370,0,0,0,0,10,10,0,0,26,0,0,0,0,0,66,7,0,0,0,0,0,0,5,0,0,0,0,0,0,0,0,0,0,0,0,0,0,0,0,0,Noon
28,105,21,92,56,24,44,6,3,0,70,0,25,7,0,11,0,0,0,0,0,14,0,0,0,0,0,0,180,5,0,92,0,0,1,3,18,137,0,0,116,0,0,0,0,0,0,0,0,0,0,0,0,0,0,5,0,0,3,2,0,0,0,0,0,0,0,0,0,0,0,0,0,0,0,0,0,0,0,0,0,Noon
49,112,42,140,46,25,154,4,0,0,70,7,25,26,7,4,2,0,0,0,0,32,0,0,1,0,0,0,140,45,0,223,2,0,1,2,24,49,4,0,246,0,0,0,0,10,0,0,0,14,0,0,0,0,0,28,7,0,4,5,0,0,0,0,0,0,0,0,0,0,0,0,0,0,0,0,0,0,0,0,0,Noon
0,153,63,0,86,45,0,14,4,0,126,9,51,33,9,22,0,0,0,9,0,46,0,0,0,0,0,0,162,50,0,209,6,0,0,0,31,110,9,0,414,0,0,0,0,14,10,0,0,41,0,0,0,0,0,31,7,0,0,0,0,0,0,2,0,0,0,0,0,0,0,0,0,0,0,0,0,0,0,0,0,Noon
0,0,0,46,73,29,34,10,4,0,0,0,33,16,12,9,0,0,0,0,0,21,0,0,0,0,0,0,186,33,0,181,0,0,4,2,37,110,7,0,227,0,0,0,0,11,1,0,0,30,0,0,0,0,0,22,2,0,0,3,0,0,0,0,0,0,0,0,0,0,0,0,0,0,0,0,0,0,0,0,0,Noon
0,0,0,75,99,28,69,18,3,0,0,0,47,6,28,14,0,0,0,0,0,27,0,0,0,0,0,0,310,26,0,362,7,0,0,0,61,77,7,0,242,3,0,0,0,6,0,0,0,64,0,0,0,0,0,62,4,0,0,0,0,0,0,0,3,0,0,0,0,0,0,0,0,0,0,0,0,0,0,0,0,Noon
0,0,0,90,124,50,81,24,3,0,0,0,61,4,40,19,0,4,0,0,0,49,0,0,0,0,0,0,420,69,0,484,16,0,0,0,76,111,2,0,352,4,0,0,0,12,0,0,0,76,0,0,0,0,0,87,10,0,0,0,0,0,0,0,7,0,0,0,0,0,0,0,0,0,0,0,0,0,0,0,0,Noon
3,15,5,84,17,10,0,0,0,0,1,0,33,0,0,0,0,0,0,0,0,35,0,0,0,0,0,0,326,2,0,0,0,0,0,0,0,86,0,0,0,0,0,0,0,0,0,0,0,0,0,0,0,0,0,0,0,0,0,0,0,0,0,0,0,0,0,0,0,0,0,0,0,0,0,0,0,0,0,0,0,Re
6,18,4,192,16,5,6,2,1,0,3,1,43,0,3,0,0,0,0,0,0,40,0,0,0,0,0,0,440,2,0,11,3,0,0,0,4,144,0,0,0,0,0,0,0,0,10,0,0,0,0,0,0,0,0,5,0,0,0,0,0,0,0,0,0,0,0,0,0,0,0,0,0,0,0,0,0,0,0,0,0,Re
4,16,3,88,58,4,4,0,0,0,1,0,22,0,0,0,0,0,0,0,0,13,0,0,0,0,0,0,242,0,0,0,0,0,0,0,0,45,0,4,0,0,0,0,0,0,0,0,3,0,0,0,0,0,0,0,0,0,0,0,0,0,0,0,0,0,0,0,0,0,0,0,0,0,0,0,0,0,0,0,0,Re
0,0,0,0,27,3,0,4,2,0,0,0,57,0,0,0,0,0,0,0,0,24,0,0,0,0,0,0,280,7,0,2,2,0,0,0,8,116,0,0,0,0,0,0,0,0,0,0,0,0,0,0,0,0,0,10,0,0,0,0,0,0,0,0,0,0,0,0,0,0,0,0,0,0,0,0,0,0,0,0,0,Re
0,0,0,192,15,0,6,2,0,0,0,0,35,8,0,0,0,0,0,0,0,49,0,0,0,0,0,0,366,0,0,9,0,0,0,0,10,135,3,0,0,0,0,0,0,0,14,0,0,0,0,0,0,0,0,5,0,0,0,0,0,0,0,0,0,0,0,0,0,0,0,0,0,0,0,0,0,0,0,0,0,Re
0,0,0,161,7,0,0,0,0,0,0,0,14,6,0,0,0,0,0,0,0,30,0,0,0,0,0,0,201,0,0,0,0,0,0,0,0,29,3,0,0,0,0,0,0,0,11,0,0,0,0,0,0,0,0,0,0,0,0,0,0,0,0,0,0,0,0,0,0,0,0,0,0,0,0,0,0,0,0,0,0,Re
0,0,0,0,191,17,0,0,0,0,0,0,29,21,0,0,0,0,0,0,0,37,0,0,0,0,0,0,313,0,0,0,0,0,0,0,0,58,8,4,0,0,0,0,0,0,37,0,6,0,0,0,0,0,0,0,0,0,0,0,0,0,0,0,0,0,0,0,0,0,0,0,0,0,0,0,0,0,0,0,0,Re
0,18,5,0,54,8,0,0,0,0,1,0,107,0,0,0,0,0,0,0,0,40,0,0,0,0,0,0,438,5,0,0,0,0,0,0,0,106,0,0,0,0,0,0,0,0,0,0,0,0,0,0,0,0,0,0,0,0,0,0,0,0,0,0,0,0,0,0,0,0,0,0,0,0,0,0,0,0,0,0,0,Re
0,0,0,0,18,2,0,3,1,0,0,0,40,0,0,0,0,0,0,0,0,24,0,0,0,0,0,0,121,4,0,3,2,0,0,0,0,149,0,0,0,0,0,0,0,0,0,0,0,0,0,0,0,0,0,2,0,0,0,0,0,0,0,0,0,0,0,0,0,0,0,0,0,0,0,0,0,0,0,0,0,Re
0,0,0,132,27,0,16,4,0,0,0,0,56,0,0,10,0,0,0,0,0,24,0,0,0,0,0,0,425,0,0,48,0,0,0,0,35,40,11,0,3,0,0,0,0,4,49,0,0,0,0,0,0,0,0,5,0,0,0,0,0,0,0,0,0,0,0,0,0,0,0,0,0,0,0,0,0,0,0,0,0,Re
0,0,0,259,22,12,42,2,1,0,0,0,38,8,0,12,0,0,0,0,0,56,0,0,8,0,0,0,560,17,0,76,0,0,1,2,58,125,0,0,10,0,0,0,0,0,0,0,0,0,0,0,0,0,0,13,0,0,7,4,0,0,0,2,0,0,0,0,0,0,0,0,0,0,0,0,0,0,0,0,0,Re
0,0,0,0,26,3,0,4,2,0,0,0,47,0,0,8,0,0,0,0,0,12,4,0,2,0,0,0,286,7,0,10,2,0,0,0,16,91,9,0,2,0,0,0,0,0,0,0,3,0,0,0,0,0,0,10,0,0,0,0,0,0,0,5,0,0,0,0,0,0,0,0,0,0,0,0,0,0,0,0,0,Re
0,0,0,195,30,0,5,3,0,0,0,0,49,9,0,0,0,0,0,0,0,37,0,0,0,0,0,0,359,19,0,6,4,0,0,0,0,221,0,0,0,0,0,0,0,0,0,0,0,0,0,0,0,0,0,5,0,0,0,0,0,0,0,0,0,0,0,0,0,0,0,0,0,0,0,0,0,0,0,0,0,Re
0,0,0,0,42,5,0,5,2,0,0,0,74,0,0,0,0,0,0,0,0,32,0,0,0,0,0,0,504,22,0,8,3,0,0,0,0,266,9,0,0,0,0,0,0,0,40,0,0,0,0,0,0,0,0,5,0,0,0,0,0,0,0,0,0,0,0,0,0,0,0,0,0,0,0,0,0,0,0,0,0,Re
0,0,0,66,31,2,0,0,0,0,0,0,44,0,0,0,0,0,0,0,0,14,0,0,0,0,0,0,287,0,0,0,0,0,0,0,0,90,9,0,0,0,0,0,0,0,33,0,0,0,0,0,0,0,0,0,0,0,0,0,0,0,0,0,0,0,0,0,0,0,0,0,0,0,0,0,0,0,0,0,0,Re
0,0,0,104,191,2,46,4,2,0,0,0,397,0,0,81,0,0,0,0,0,340,0,0,80,0,0,26,439,36,0,73,9,0,2,0,36,21,12,20,74,0,0,28,0,0,0,0,0,6,0,0,1,0,24,396,7,0,32,0,0,0,0,6,4,8,0,2,1,0,0,0,0,0,0,0,0,0,0,0,0,Sad
0,0,0,154,141,0,168,0,0,0,0,0,351,24,0,247,0,0,0,0,0,326,0,0,285,0,0,0,451,116,0,218,1,0,6,0,25,12,0,32,141,0,11,41,0,11,0,0,0,0,0,0,0,0,0,593,75,0,78,0,0,0,0,5,7,0,1,2,0,0,0,0,0,0,0,0,0,0,0,0,0,Sad
0,0,0,134,76,1,107,2,1,0,0,0,206,8,0,156,0,0,0,0,0,133,0,0,120,0,0,10,333,32,5,188,6,0,0,0,15,51,0,15,47,0,0,0,0,4,0,0,0,0,0,0,0,0,8,195,12,0,0,0,0,0,0,7,5,0,0,0,0,0,0,0,0,0,0,0,0,0,0,0,0,Sad
0,0,0,132,8,0,114,2,0,0,0,0,188,3,0,183,0,0,0,0,0,228,0,0,210,0,0,0,434,87,0,168,11,0,0,0,26,19,14,7,86,0,14,28,0,3,0,0,0,4,0,0,2,0,0,278,36,0,69,0,0,0,0,0,5,4,0,9,0,0,0,0,0,0,0,0,0,0,0,0,0,Sad
0,0,0,69,14,3,75,4,2,0,0,0,244,0,0,266,0,0,0,0,0,263,0,0,317,0,0,0,522,130,0,243,13,0,0,0,28,9,8,3,121,0,24,48,0,7,0,0,0,1,0,0,2,0,0,427,59,0,115,0,0,0,0,0,5,4,0,17,0,0,0,0,0,0,0,0,0,0,0,0,0,Sad
0,0,0,32,13,0,36,4,0,0,0,0,123,0,0,146,0,0,0,0,0,129,0,0,140,0,0,0,272,47,0,117,0,0,2,5,15,28,3,12,45,0,4,22,0,0,0,0,3,4,0,1,2,0,0,250,13,0,51,4,0,1,0,0,16,0,0,12,0,0,4,0,0,0,0,0,0,0,0,1,0,Sad
0,0,0,55,15,0,155,8,0,0,0,0,117,3,3,200,0,0,0,0,0,174,0,0,413,0,0,0,195,83,0,411,7,0,0,0,22,0,12,0,102,0,11,158,0,12,0,0,0,0,0,1,29,0,0,326,63,0,157,21,0,0,0,2,3,0,0,16,1,0,0,0,0,0,0,0,0,0,0,0,0,Sad
0,0,0,0,31,9,0,15,4,0,0,0,174,0,0,356,0,0,0,0,0,231,0,0,530,0,0,0,276,118,0,604,10,0,0,0,37,0,12,0,121,0,13,219,0,8,0,0,0,0,0,1,17,0,0,480,73,0,191,24,0,0,0,3,5,1,0,16,0,0,0,0,0,0,0,0,0,0,0,0,0,Sad
0,0,0,0,20,4,0,9,3,0,0,0,100,0,0,181,0,0,0,0,0,115,0,0,291,0,0,0,165,69,0,313,12,0,0,0,15,5,0,0,50,0,3,127,0,7,0,0,0,0,0,0,0,0,0,230,31,0,114,14,0,4,0,2,0,0,0,12,0,0,0,0,0,0,0,0,0,0,0,0,0,Sad
0,0,0,90,18,12,162,12,0,0,0,0,189,12,9,149,0,0,0,0,0,242,0,0,185,0,0,0,234,92,0,313,6,0,0,7,26,0,3,0,87,0,14,118,0,13,0,0,0,0,0,1,15,0,0,189,49,0,148,7,0,25,0,0,2,0,0,18,0,0,0,0,0,0,0,0,0,0,0,0,0,Sad
0,0,0,0,47,15,0,15,3,0,0,0,265,0,6,251,0,0,0,0,0,318,0,0,270,0,0,0,386,143,0,418,11,0,0,0,38,6,9,0,105,0,15,176,0,16,0,0,0,0,0,2,32,0,0,224,55,0,199,0,0,33,0,0,0,0,0,19,0,0,0,0,0,0,0,0,0,0,0,0,0,Sad
0,0,0,24,12,10,46,14,8,0,0,0,112,0,0,95,0,0,0,0,0,174,0,0,143,0,0,0,143,43,0,208,7,0,0,3,18,12,4,0,50,2,4,116,0,9,0,0,0,0,0,0,3,0,0,199,46,0,98,10,0,8,0,0,4,1,0,14,1,0,0,0,0,0,0,0,0,0,0,0,0,Sad
0,0,0,0,18,0,0,14,2,0,0,0,199,0,0,222,0,0,0,0,0,295,0,0,291,0,0,0,402,128,0,432,3,0,0,3,64,3,15,0,158,0,8,84,0,5,0,0,0,7,0,1,6,0,0,443,62,0,91,17,0,0,0,0,0,3,0,16,0,0,0,0,0,0,0,0,0,0,0,0,0,Sad
0,0,0,104,18,0,136,4,0,0,0,0,250,0,0,263,0,0,0,0,0,404,0,0,386,0,0,0,594,229,0,620,12,0,0,0,91,6,5,0,216,0,12,143,0,6,0,0,0,3,0,6,7,0,0,502,69,0,118,16,0,0,0,0,1,0,0,22,0,0,0,0,0,0,0,0,0,0,0,0,0,Sad
0,0,0,126,10,0,175,4,0,0,0,0,117,0,0,115,0,0,0,0,0,227,0,0,172,0,0,0,234,133,0,336,10,0,0,0,26,2,18,0,133,0,4,56,0,27,0,0,0,9,0,2,11,0,0,225,72,0,51,16,0,0,0,0,7,0,0,9,0,0,0,0,0,0,0,0,0,0,0,0,0,Sad
7,26,0,147,171,0,91,1,0,24,2,0,385,10,0,130,0,0,5,0,0,84,0,0,31,0,0,0,344,16,0,140,0,0,7,1,30,23,0,11,13,0,5,2,0,5,0,0,1,0,0,0,0,0,0,236,10,0,26,1,0,0,0,4,3,0,0,3,0,0,0,0,1,0,0,0,0,0,0,0,0,Sin
0,0,0,95,91,0,110,1,0,0,0,0,413,9,0,305,0,0,0,0,0,81,0,0,67,0,0,0,440,17,0,306,0,0,8,0,29,28,3,21,27,0,8,3,0,5,1,0,2,3,0,0,1,0,0,444,20,0,42,0,0,0,0,4,8,0,0,2,0,0,0,0,0,0,0,0,0,0,0,0,0,Sin
0,83,4,0,76,0,0,11,1,40,11,0,230,14,0,105,0,0,6,0,0,48,0,0,22,0,0,0,194,12,0,116,2,0,0,0,13,20,0,7,12,0,3,0,0,3,0,0,0,0,0,0,0,0,0,151,10,0,8,0,0,0,0,2,9,0,0,1,0,0,0,0,0,0,0,0,0,0,0,0,0,Sin
0,0,0,0,10,0,0,3,0,0,0,0,219,0,0,232,0,0,0,0,0,87,0,0,71,0,0,0,305,17,0,215,0,0,5,0,26,41,0,4,36,0,0,0,0,0,0,0,8,0,0,0,0,0,0,259,21,0,11,0,0,0,0,0,20,0,0,0,0,0,0,0,0,0,0,0,0,0,0,0,0,Sin
0,0,0,0,6,0,0,2,0,0,0,0,310,0,0,261,0,0,0,0,0,117,0,0,83,0,0,0,351,35,0,300,1,0,13,2,28,40,0,10,49,0,2,4,0,7,0,0,9,0,0,1,0,0,0,346,40,0,68,2,0,0,0,0,11,0,0,9,0,0,0,0,0,0,0,0,0,0,0,0,0,Sin
2,37,2,28,4,0,30,10,0,0,5,2,160,0,0,148,0,0,0,0,0,53,0,0,36,0,0,0,199,11,0,165,0,0,0,0,11,16,4,2,12,0,0,0,0,4,8,0,4,10,0,0,0,0,0,163,13,0,0,0,0,0,0,0,11,6,0,0,0,0,0,0,0,1,0,0,0,0,0,0,0,Sin
6,49,11,60,8,0,186,7,0,0,5,1,154,0,2,274,0,0,0,0,0,84,0,0,165,0,0,0,188,34,0,444,4,0,53,3,24,20,0,0,93,0,12,39,0,10,0,0,0,0,0,10,3,0,0,334,46,0,170,3,0,5,0,2,3,0,0,40,0,3,1,0,0,0,0,0,0,0,0,0,0,Sin
3,63,11,39,17,0,108,8,3,0,3,0,253,0,0,499,0,0,0,0,0,77,0,0,125,0,0,0,354,51,0,559,2,0,96,0,34,18,0,0,104,0,29,32,0,10,0,0,0,0,0,4,0,0,0,431,49,0,274,2,0,6,0,2,5,0,0,43,0,10,0,0,0,0,0,0,0,0,0,0,0,Sin
0,0,0,0,10,0,0,3,0,0,0,0,132,0,0,258,0,0,0,0,0,39,0,0,69,0,0,0,252,35,0,283,0,0,48,2,14,14,6,0,55,0,14,27,0,7,0,0,0,8,0,5,0,0,0,189,31,0,157,0,0,6,0,2,1,0,0,14,1,3,0,0,0,0,0,0,1,0,0,0,0,Sin
0,0,0,0,4,0,0,10,0,0,0,0,207,0,0,130,3,0,0,0,0,136,0,0,73,0,0,0,126,22,0,166,0,0,34,2,31,28,0,0,46,0,34,75,0,13,0,0,0,0,0,17,0,0,0,156,34,0,235,3,0,36,0,0,1,0,0,57,0,0,8,0,0,0,0,0,0,0,0,0,0,Sin
0,0,0,72,4,0,198,13,0,0,0,0,342,0,0,291,0,0,0,0,0,99,0,0,54,0,0,0,108,20,0,364,1,0,98,0,39,2,8,0,91,4,50,7,3,17,0,0,0,0,0,8,21,0,0,338,65,0,286,0,0,37,0,0,4,4,0,40,1,0,0,0,0,0,0,0,0,0,0,0,0,Sin
4,36,8,36,2,0,84,5,0,0,8,0,133,0,0,105,0,0,0,0,0,80,0,0,54,0,0,0,50,9,0,158,1,0,24,0,15,12,0,0,39,0,21,44,0,16,0,0,0,0,0,10,0,0,0,132,32,0,129,1,0,10,0,1,3,0,0,40,0,0,6,0,1,0,0,0,0,0,0,0,0,Sin
0,0,0,0,20,0,0,10,0,0,0,0,183,0,0,266,0,0,0,0,0,123,0,0,143,0,0,0,379,92,0,432,3,0,17,3,35,54,0,6,120,0,17,56,0,7,0,0,0,0,0,3,0,0,0,303,46,0,147,5,0,0,0,22,0,0,0,41,0,1,0,0,4,0,0,0,0,0,2,0,0,Sin
0,0,0,110,15,0,170,8,0,0,0,0,375,0,0,349,0,0,0,0,0,143,0,0,76,0,0,0,496,84,0,692,7,0,64,0,94,24,7,0,153,0,16,7,0,6,0,0,0,2,0,6,14,0,0,465,45,0,161,2,0,0,0,0,0,0,0,34,0,7,0,0,0,0,0,0,0,0,0,0,0,Sin
0,0,0,102,7,0,138,4,0,0,0,0,193,0,0,152,0,0,0,0,0,87,0,0,39,0,0,0,266,37,0,333,6,0,27,0,43,22,3,0,62,0,9,4,0,5,0,0,0,2,0,3,4,0,0,236,20,0,90,2,0,0,0,0,0,0,0,31,0,0,0,0,0,0,0,0,0,0,0,0,0,Sin
0,0,0,84,88,314,42,10,8,0,0,0,12,0,100,9,0,0,0,0,0,38,0,0,5,0,0,0,244,6,0,18,52,0,6,0,9,67,0,0,31,2,0,39,0,0,4,0,0,11,0,0,17,0,0,130,2,0,5,15,0,0,0,0,36,0,0,0,0,0,0,0,0,0,0,0,0,0,0,0,0,Ta
0,0,0,165,84,595,85,9,19,0,0,0,15,4,47,15,0,0,0,0,0,45,0,0,5,0,0,0,336,5,0,0,50,0,0,0,11,59,0,0,115,5,0,39,0,0,9,0,0,9,0,0,0,0,0,192,3,0,0,11,0,0,0,0,43,0,0,0,3,0,0,0,0,11,0,0,0,0,0,0,0,Ta
0,0,0,44,57,249,26,4,11,0,0,0,3,6,38,4,0,0,0,0,0,21,0,0,6,0,0,0,95,0,0,19,28,0,2,3,0,99,0,0,52,4,0,16,0,0,0,0,0,9,0,0,4,0,0,65,0,0,4,13,0,0,0,0,70,0,0,0,0,0,0,0,0,0,0,0,0,0,0,0,0,Ta
0,0,0,112,81,226,56,17,0,0,0,0,24,0,109,12,0,2,0,0,0,27,0,0,0,0,0,0,220,8,0,0,51,0,0,0,16,22,0,0,57,0,0,10,0,0,0,0,0,30,0,0,1,0,0,120,3,0,3,0,0,0,0,0,25,0,0,0,0,0,0,0,0,0,0,0,0,0,0,0,0,Ta
0,0,0,186,97,395,108,15,2,0,0,0,32,23,37,13,3,1,0,0,0,46,0,0,1,0,0,0,253,8,0,0,62,0,2,2,26,50,0,0,106,0,0,7,0,0,0,0,0,8,0,0,1,0,0,187,4,0,5,16,0,0,0,0,61,0,0,0,0,0,0,0,0,0,0,0,0,0,0,0,0,Ta
3,11,14,57,42,155,42,11,4,0,2,2,15,7,28,8,0,0,0,0,0,22,0,0,0,0,0,0,84,0,0,0,33,0,0,3,4,43,0,0,58,4,0,0,0,0,0,0,0,11,0,0,0,0,0,83,0,0,3,9,0,0,0,0,52,0,0,0,0,0,0,0,0,0,0,0,0,0,0,0,0,Ta
0,0,0,0,163,436,0,23,10,0,0,0,20,4,216,18,0,1,0,0,0,32,0,0,4,0,0,0,135,4,0,10,43,0,0,11,16,28,0,0,86,17,0,49,0,0,0,0,0,41,0,0,25,0,0,80,2,0,9,13,0,0,0,0,30,0,0,0,12,0,0,0,0,0,0,0,0,0,0,0,0,Ta
0,0,0,0,200,844,0,47,12,0,0,0,36,55,99,31,0,2,0,0,0,45,0,0,1,0,0,0,165,10,0,0,71,0,0,3,21,63,0,0,167,6,0,71,0,2,0,0,0,19,0,0,9,0,0,90,3,0,1,34,0,0,13,0,51,0,0,6,1,0,0,0,0,0,0,0,0,0,0,0,0,Ta
0,0,0,182,105,342,98,21,3,0,0,0,20,63,42,11,2,2,0,0,0,21,2,0,3,0,0,0,88,1,0,5,39,0,0,13,8,17,0,0,49,5,0,58,0,0,0,0,1,4,0,2,4,0,0,52,1,0,6,15,0,0,0,0,12,0,0,5,1,0,0,0,0,0,0,0,0,0,0,0,0,Ta
0,0,0,52,54,353,36,26,25,0,0,0,18,0,96,3,0,0,0,0,0,8,0,0,0,0,0,0,220,3,0,0,40,0,0,10,18,5,0,0,94,54,0,36,0,0,0,0,0,28,0,0,3,0,0,193,1,0,0,5,0,0,0,0,14,0,0,6,8,0,0,0,0,0,0,0,0,0,0,0,0,Ta
0,0,0,60,106,405,40,40,4,0,0,0,30,0,173,6,0,8,0,0,0,2,0,0,0,0,0,0,277,8,0,0,80,0,0,13,25,18,0,0,90,29,0,49,0,0,0,0,0,49,0,0,19,0,0,236,2,0,1,10,0,0,0,0,32,0,0,8,2,0,0,0,0,0,0,0,4,0,0,0,0,Ta
0,0,0,40,45,236,32,22,14,0,0,0,13,0,63,4,0,0,0,0,0,0,0,0,0,0,0,0,141,5,0,0,57,0,0,0,14,9,0,0,70,17,0,14,0,0,0,0,0,28,6,0,6,0,0,119,1,0,0,2,0,0,0,0,12,0,0,0,6,0,0,0,0,0,0,0,0,2,0,0,0,Ta
0,0,0,116,114,379,72,20,0,0,0,0,60,19,64,19,2,0,0,0,0,64,0,0,2,0,0,0,233,20,0,0,69,0,2,2,79,27,0,0,96,31,0,56,0,4,0,0,0,17,0,0,9,0,0,195,4,0,3,9,0,0,13,2,59,0,0,9,6,0,0,0,0,0,0,0,0,0,0,0,0,Ta
0,0,0,96,154,407,69,27,0,0,0,0,70,22,191,38,1,0,0,0,0,53,0,0,30,0,0,0,335,22,0,0,73,0,0,10,83,24,0,0,60,67,0,97,0,0,0,0,6,36,0,0,50,0,0,273,4,0,17,14,0,0,0,30,66,0,0,9,21,0,0,0,6,0,0,0,0,0,0,0,0,Ta
0,0,0,125,64,242,70,13,0,0,0,0,36,44,54,10,1,0,0,0,0,46,0,0,0,0,0,0,162,10,0,0,46,0,0,12,57,20,0,0,45,12,0,63,0,2,0,0,0,7,0,0,11,0,0,132,3,0,3,9,0,0,0,0,36,0,0,14,4,0,0,0,0,0,0,0,0,0,0,0,0,Ta
6,20,0,54,5,11,18,3,0,2,6,0,11,8,0,2,0,0,2,10,2,24,7,0,0,0,0,0,160,0,0,0,0,0,0,0,2,29,8,0,4,16,0,0,0,3,31,2,8,1,1,0,0,0,0,50,0,0,0,0,0,0,0,2,10,3,0,0,0,0,0,0,0,3,0,0,0,0,0,0,0,Vav
0,24,0,0,14,4,0,9,2,6,6,0,37,0,0,7,0,0,1,8,3,26,17,0,1,0,0,0,225,17,0,1,5,0,0,0,2,36,0,0,0,30,0,0,0,0,20,7,5,4,4,0,0,0,0,95,5,0,0,0,0,0,0,2,11,0,0,0,0,0,0,0,0,1,0,0,0,0,0,0,0,Vav
6,32,0,81,11,7,24,6,3,4,5,0,35,0,0,3,0,0,3,14,0,67,0,0,7,0,0,0,368,6,0,11,1,0,3,0,12,40,13,0,5,20,0,0,0,4,51,0,1,3,5,0,0,0,0,101,4,0,11,0,0,0,0,0,7,1,0,1,0,0,0,0,0,3,0,0,0,0,0,0,0,Vav
0,0,0,108,21,0,0,0,0,0,0,0,40,0,0,0,0,0,0,0,0,16,0,0,0,0,0,0,219,15,0,0,0,0,0,0,8,32,4,0,0,0,0,0,0,0,7,0,0,0,0,0,0,0,0,0,0,0,0,0,0,0,0,0,0,0,0,0,0,0,0,0,0,0,0,0,0,0,0,0,0,Vav
0,13,7,0,12,7,0,0,0,0,3,1,39,0,0,0,0,0,0,0,0,34,0,0,0,0,0,0,200,9,0,0,0,0,0,0,16,71,5,0,0,19,0,0,0,0,29,0,0,3,0,0,0,0,0,50,2,0,0,0,0,0,0,0,17,3,0,0,0,0,0,0,0,1,0,0,0,0,0,0,0,Vav
0,0,0,124,20,0,32,9,0,0,0,0,67,0,3,2,0,0,0,0,0,45,0,0,0,0,0,0,252,27,0,6,5,0,0,0,20,108,0,0,0,25,0,0,0,0,34,0,0,8,5,0,0,0,0,82,5,0,0,0,0,0,0,0,27,0,0,0,0,0,0,0,0,0,0,0,0,0,0,0,0,Vav
0,0,0,156,10,6,54,11,0,0,0,0,32,5,0,1,0,0,0,0,0,43,0,0,0,0,0,0,71,22,0,0,3,0,0,0,0,43,0,0,0,57,0,0,0,0,75,0,0,5,0,0,0,0,0,27,15,0,0,0,0,0,0,0,3,0,0,0,0,0,0,0,0,3,0,0,0,0,0,0,0,Vav
0,0,0,128,21,14,36,11,0,0,0,0,53,0,0,1,0,0,0,0,0,56,0,0,0,0,0,0,86,36,0,0,0,0,0,0,0,66,0,0,0,72,0,0,0,0,92,0,0,4,0,0,0,0,0,27,7,0,0,0,0,0,0,0,4,0,0,0,0,0,0,0,0,3,0,0,0,0,0,0,0,Vav
0,0,0,259,7,15,84,10,0,0,0,0,27,21,0,1,7,0,0,0,0,122,0,0,0,0,0,0,167,19,0,0,0,0,0,6,4,17,21,0,0,102,0,0,0,0,199,0,0,4,0,0,0,0,0,60,0,0,0,6,0,0,0,0,1,12,0,0,0,0,0,0,0,6,0,0,0,0,0,0,0,Vav
0,0,0,203,16,0,56,6,0,0,0,0,27,14,3,2,0,0,0,0,0,34,0,0,2,0,0,0,138,34,0,6,7,0,0,0,16,118,0,0,6,30,0,0,0,0,49,0,0,0,4,0,0,0,0,41,7,0,0,0,0,0,0,0,18,0,0,0,0,0,0,0,0,0,0,0,0,0,0,0,0,Vav
0,0,0,0,52,3,0,18,2,0,0,0,93,0,0,6,0,0,0,0,0,18,0,0,0,0,0,72,252,41,0,13,6,0,0,0,22,89,0,0,5,51,0,0,0,4,81,0,0,0,0,0,0,0,18,67,10,0,0,0,0,0,0,0,7,0,0,0,0,0,0,0,0,0,0,0,0,0,0,0,0,Vav
0,0,0,156,47,0,52,14,0,0,0,0,66,0,11,18,0,0,0,0,0,48,0,0,2,0,0,0,390,38,0,37,8,0,0,0,64,80,22,0,18,56,0,0,0,0,123,0,0,17,9,0,0,0,0,117,0,0,0,0,0,0,0,4,8,11,0,0,0,0,0,0,0,0,0,0,0,0,0,0,0,Vav
0,0,0,0,48,9,0,8,0,0,0,0,79,0,0,0,0,0,0,0,0,19,0,0,0,0,0,0,138,51,0,0,0,0,0,0,0,81,3,0,0,29,0,0,0,0,88,0,0,0,4,0,0,0,0,16,8,0,0,0,0,0,0,0,0,0,0,0,0,0,0,0,0,0,0,0,0,0,0,0,0,Vav
0,0,0,180,40,0,24,11,0,0,0,0,73,6,8,0,0,0,0,0,0,39,0,0,0,0,0,0,202,54,0,0,12,0,0,0,0,80,14,0,0,52,0,0,0,0,166,0,0,0,0,0,0,0,0,30,4,0,0,0,0,0,0,0,0,5,0,0,0,0,0,0,0,0,0,0,0,0,0,0,0,Vav
0,0,0,364,31,18,49,7,0,0,0,0,61,24,5,0,2,0,0,0,0,94,0,0,0,0,0,0,274,83,0,0,0,0,2,1,12,165,0,0,0,65,0,0,0,2,155,0,0,0,0,0,0,0,0,42,20,0,0,7,0,0,0,0,0,0,0,0,0,0,0,0,0,0,0,0,0,0,0,0,0,Vav
0,84,12,0,24,7,0,0,2,0,30,66,0,24,46,0,0,0,0,0,0,35,22,0,24,0,0,0,154,20,0,100,1,0,0,5,14,36,24,0,39,4,0,0,0,0,3,0,0,57,0,0,0,0,0,19,1,0,9,1,0,0,0,4,3,6,0,0,0,0,0,0,0,0,0,0,0,0,0,0,0,Ya
10,95,25,42,35,13,26,1,1,5,15,20,17,24,37,12,0,0,0,0,30,56,20,43,19,0,0,0,285,48,0,166,0,0,0,3,25,32,29,0,69,0,0,0,0,0,0,0,0,47,0,0,3,0,0,13,0,0,23,5,0,0,0,7,0,0,0,7,0,0,0,0,0,0,0,0,3,0,0,0,0,Ya
6,38,16,66,2,7,66,1,4,2,6,28,16,22,125,21,13,45,0,0,0,73,0,0,37,0,0,0,323,184,0,360,16,0,0,0,18,21,0,0,108,0,0,0,0,20,0,0,0,126,0,0,0,0,0,19,15,0,0,0,0,0,0,2,6,0,0,0,0,0,0,0,6,0,0,0,0,0,0,0,0,Ya
0,0,0,38,2,0,24,1,0,0,0,0,14,13,18,11,4,4,0,0,0,37,0,26,4,0,6,0,154,47,0,90,1,0,0,3,8,47,32,0,60,0,0,0,0,2,0,0,0,49,0,0,0,3,0,7,3,0,17,2,0,0,0,0,0,0,0,4,0,0,0,0,0,0,0,0,0,0,0,0,0,Ya
0,0,0,63,3,3,51,1,2,0,0,0,17,28,33,16,17,17,0,0,0,63,0,9,10,0,4,0,210,104,0,186,1,0,0,5,21,28,11,0,81,0,0,0,0,9,0,0,0,55,0,0,4,0,0,21,4,0,17,7,0,0,0,0,0,0,0,7,0,0,0,0,0,0,0,0,2,0,0,0,0,Ya
0,0,0,110,2,4,110,1,2,0,0,0,17,21,41,21,27,54,0,0,0,87,0,0,18,0,0,0,266,132,0,301,15,0,0,0,35,14,0,0,100,0,0,0,0,9,0,0,0,82,0,0,0,0,0,44,4,0,0,0,0,0,0,0,0,0,0,0,0,0,0,0,0,0,0,0,0,0,0,0,0,Ya
0,0,0,0,0,0,0,0,0,0,0,0,30,12,33,57,18,53,0,0,0,45,0,2,14,0,6,0,228,109,0,284,5,0,0,8,17,12,6,0,80,0,0,0,2,9,0,0,0,50,0,0,0,1,0,33,8,0,25,5,0,0,0,4,0,0,0,3,0,0,0,0,0,0,0,0,0,0,0,0,0,Ya
0,0,0,0,0,0,0,0,0,0,0,0,50,21,42,88,30,63,0,0,0,64,0,4,19,0,7,0,270,196,0,339,9,0,0,8,12,47,5,0,171,0,0,0,0,22,0,0,0,67,0,0,0,0,0,27,31,0,3,8,0,0,0,2,6,0,0,0,0,0,0,0,4,0,0,0,0,0,0,0,0,Ya
0,0,0,0,0,0,0,6,0,0,0,0,72,21,31,135,39,85,0,0,0,93,0,16,15,0,29,0,390,169,0,546,14,0,0,4,31,30,9,0,154,0,0,0,0,13,0,0,0,102,0,0,0,0,0,103,27,0,1,10,0,0,0,9,2,3,0,0,0,0,0,0,0,0,0,0,0,0,0,0,0,Ya
0,0,0,120,2,0,84,2,0,0,0,0,29,35,31,26,17,6,0,0,0,55,0,7,12,0,2,0,182,87,0,127,2,0,0,4,26,42,3,0,75,0,0,0,0,0,0,0,0,35,0,0,0,0,0,13,0,0,0,10,0,0,0,6,0,0,0,0,0,0,0,0,0,0,0,0,0,0,0,0,0,Ya
0,0,0,133,4,0,154,2,0,0,0,0,37,24,28,59,38,29,0,0,0,85,0,0,11,0,0,0,187,94,0,246,21,0,0,0,31,5,19,1,67,6,0,0,0,8,0,0,0,70,0,0,0,0,0,65,19,0,0,0,0,0,0,4,0,4,0,0,0,0,0,0,0,0,0,0,0,0,0,0,0,Ya
0,0,0,0,2,1,0,2,1,0,0,0,24,40,28,52,70,35,0,0,0,93,0,10,72,0,14,0,234,132,0,333,14,0,0,6,27,23,33,0,124,15,0,0,0,8,0,0,6,90,1,0,0,0,0,60,16,0,0,11,0,0,0,26,1,2,0,0,0,0,0,0,6,0,0,0,0,0,0,0,0,Ya
0,0,0,57,5,14,66,1,5,0,0,0,11,9,41,20,27,71,0,0,0,59,0,0,11,0,0,0,187,102,0,276,14,0,0,0,24,11,22,0,59,16,0,0,0,26,0,0,0,126,0,0,0,0,0,40,28,0,0,0,0,0,0,0,7,2,0,0,0,0,0,0,4,0,0,0,0,0,0,0,0,Ya
0,0,0,0,22,17,0,3,6,0,0,0,42,12,71,69,31,97,0,0,0,81,0,0,13,0,0,0,299,129,0,378,22,0,0,0,52,0,20,1,52,30,0,0,0,17,0,0,0,158,0,0,3,0,0,97,23,0,19,0,0,0,0,0,3,4,0,4,0,0,0,0,0,0,0,0,7,0,0,0,0,Ya
0,0,0,216,0,19,248,0,9,0,0,0,0,29,102,0,44,118,0,0,0,139,0,5,45,0,9,0,405,177,0,538,9,0,0,4,65,0,0,0,103,30,0,0,3,37,0,0,0,187,1,0,0,0,0,126,84,0,23,3,0,0,5,1,6,0,0,1,0,0,0,0,4,0,0,0,0,0,0,0,0,Ya